state,year,month,season,temperature,rainfall,humidity,dengue_cases,outbreak
Andhra Pradesh,2019,1,Winter,25.0,9.7,58.2,91,0
Andhra Pradesh,2019,2,Winter,27.0,10.6,60.1,114,0
Andhra Pradesh,2019,3,Summer,34.1,33.3,57.7,97,0
Andhra Pradesh,2019,4,Summer,34.1,14.3,64.8,145,0
Andhra Pradesh,2019,5,Summer,33.0,31.9,55.5,207,0
Andhra Pradesh,2019,6,Monsoon,27.2,157.3,83.0,372,1
Andhra Pradesh,2019,7,Monsoon,28.9,184.0,74.2,436,1
Andhra Pradesh,2019,8,Monsoon,30.8,158.4,84.7,620,1
Andhra Pradesh,2019,9,Monsoon,28.8,246.7,79.9,731,1
Andhra Pradesh,2019,10,Post,25.9,57.2,71.9,1013,1
Andhra Pradesh,2019,11,Post,28.4,36.5,63.4,816,1
Andhra Pradesh,2019,12,Winter,24.4,10.4,59.4,494,1
Andhra Pradesh,2020,1,Winter,23.8,9.4,47.6,20,0
Andhra Pradesh,2020,2,Winter,22.6,7.3,50.6,18,0
Andhra Pradesh,2020,3,Summer,35.6,27.7,56.6,14,0
Andhra Pradesh,2020,4,Summer,36.2,33.5,64.4,30,0
Andhra Pradesh,2020,5,Summer,33.3,28.1,61.7,34,0
Andhra Pradesh,2020,6,Monsoon,32.0,173.6,77.9,60,0
Andhra Pradesh,2020,7,Monsoon,31.6,228.8,79.6,78,0
Andhra Pradesh,2020,8,Monsoon,32.0,215.0,84.0,132,0
Andhra Pradesh,2020,9,Monsoon,29.9,236.3,66.9,127,0
Andhra Pradesh,2020,10,Post,29.6,43.0,75.2,167,0
Andhra Pradesh,2020,11,Post,27.6,64.3,77.4,107,0
Andhra Pradesh,2020,12,Winter,23.0,9.6,52.9,63,0
Andhra Pradesh,2021,1,Winter,25.8,10.7,52.4,110,0
Andhra Pradesh,2021,2,Winter,25.0,12.7,55.9,110,0
Andhra Pradesh,2021,3,Summer,33.6,28.0,58.0,107,0
Andhra Pradesh,2021,4,Summer,32.1,14.1,61.7,126,0
Andhra Pradesh,2021,5,Summer,34.3,25.2,59.2,191,0
Andhra Pradesh,2021,6,Monsoon,30.8,146.0,87.0,396,1
Andhra Pradesh,2021,7,Monsoon,26.2,179.0,80.3,390,1
Andhra Pradesh,2021,8,Monsoon,34.9,197.2,78.7,596,1
Andhra Pradesh,2021,9,Monsoon,29.9,137.9,85.7,724,1
Andhra Pradesh,2021,10,Post,29.5,50.4,76.9,902,1
Andhra Pradesh,2021,11,Post,29.2,86.3,65.0,505,1
Andhra Pradesh,2021,12,Winter,22.9,13.4,59.4,307,1
Andhra Pradesh,2022,1,Winter,20.9,10.1,49.7,137,0
Andhra Pradesh,2022,2,Winter,24.9,11.2,54.2,109,0
Andhra Pradesh,2022,3,Summer,33.4,28.1,64.1,144,0
Andhra Pradesh,2022,4,Summer,32.5,38.2,72.7,171,0
Andhra Pradesh,2022,5,Summer,35.5,34.7,53.8,278,0
Andhra Pradesh,2022,6,Monsoon,27.4,202.2,86.1,372,1
Andhra Pradesh,2022,7,Monsoon,30.6,154.3,89.3,677,1
Andhra Pradesh,2022,8,Monsoon,30.9,206.4,75.2,800,1
Andhra Pradesh,2022,9,Monsoon,32.3,150.5,84.8,1154,1
Andhra Pradesh,2022,10,Post,28.8,49.6,70.7,1089,1
Andhra Pradesh,2022,11,Post,26.2,50.2,69.6,961,1
Andhra Pradesh,2022,12,Winter,24.7,12.4,57.7,511,1
Andhra Pradesh,2023,1,Winter,23.5,15.4,58.1,117,0
Andhra Pradesh,2023,2,Winter,22.3,10.1,54.3,112,0
Andhra Pradesh,2023,3,Summer,34.6,34.3,62.4,152,0
Andhra Pradesh,2023,4,Summer,34.9,27.3,63.9,184,0
Andhra Pradesh,2023,5,Summer,34.1,35.1,61.1,303,0
Andhra Pradesh,2023,6,Monsoon,27.5,202.7,88.8,378,1
Andhra Pradesh,2023,7,Monsoon,30.1,138.9,81.8,696,1
Andhra Pradesh,2023,8,Monsoon,31.1,145.5,86.9,828,1
Andhra Pradesh,2023,9,Monsoon,31.0,198.5,82.6,1227,1
Andhra Pradesh,2023,10,Post,35.7,76.0,74.9,1298,1
Andhra Pradesh,2023,11,Post,27.4,69.1,66.1,865,1
Andhra Pradesh,2023,12,Winter,23.5,9.9,52.3,525,1
Arunachal Pradesh,2019,1,Winter,11.4,13.5,57.6,2,0
Arunachal Pradesh,2019,2,Winter,12.2,26.2,60.6,2,0
Arunachal Pradesh,2019,3,Summer,20.5,125.2,75.2,2,0
Arunachal Pradesh,2019,4,Summer,20.7,152.7,79.1,4,0
Arunachal Pradesh,2019,5,Summer,17.9,124.5,71.7,4,0
Arunachal Pradesh,2019,6,Monsoon,21.7,296.0,98.3,7,0
Arunachal Pradesh,2019,7,Monsoon,19.1,304.3,98.8,13,0
Arunachal Pradesh,2019,8,Monsoon,20.8,376.4,98.3,17,0
Arunachal Pradesh,2019,9,Monsoon,17.0,316.1,96.3,16,0
Arunachal Pradesh,2019,10,Post,16.6,76.2,84.4,18,0
Arunachal Pradesh,2019,11,Post,11.5,63.6,73.7,15,0
Arunachal Pradesh,2019,12,Winter,7.5,26.2,66.6,8,0
Arunachal Pradesh,2020,1,Winter,12.9,14.3,65.8,0,0
Arunachal Pradesh,2020,2,Winter,10.0,19.2,60.3,0,0
Arunachal Pradesh,2020,3,Summer,22.2,135.9,82.9,0,0
Arunachal Pradesh,2020,4,Summer,19.5,136.5,75.4,0,0
Arunachal Pradesh,2020,5,Summer,22.6,105.1,74.0,0,0
Arunachal Pradesh,2020,6,Monsoon,19.0,306.4,88.2,0,0
Arunachal Pradesh,2020,7,Monsoon,21.8,371.5,94.1,0,0
Arunachal Pradesh,2020,8,Monsoon,21.3,388.6,86.4,0,0
Arunachal Pradesh,2020,9,Monsoon,20.0,358.2,96.4,0,0
Arunachal Pradesh,2020,10,Post,16.8,104.8,72.8,0,0
Arunachal Pradesh,2020,11,Post,20.6,80.3,78.4,0,0
Arunachal Pradesh,2020,12,Winter,9.4,18.9,56.9,0,0
Arunachal Pradesh,2021,1,Winter,10.2,22.4,55.9,0,0
Arunachal Pradesh,2021,2,Winter,14.2,24.8,54.0,0,0
Arunachal Pradesh,2021,3,Summer,23.2,135.1,74.9,0,0
Arunachal Pradesh,2021,4,Summer,20.2,69.8,83.9,0,0
Arunachal Pradesh,2021,5,Summer,20.3,112.3,77.1,0,0
Arunachal Pradesh,2021,6,Monsoon,18.9,319.7,91.0,0,0
Arunachal Pradesh,2021,7,Monsoon,19.1,366.2,82.8,0,0
Arunachal Pradesh,2021,8,Monsoon,17.2,303.5,96.8,0,0
Arunachal Pradesh,2021,9,Monsoon,20.6,453.3,94.3,1,0
Arunachal Pradesh,2021,10,Post,17.7,75.2,75.0,1,0
Arunachal Pradesh,2021,11,Post,18.6,66.8,77.6,1,0
Arunachal Pradesh,2021,12,Winter,13.1,14.2,55.8,0,0
Arunachal Pradesh,2022,1,Winter,10.4,20.1,60.5,2,0
Arunachal Pradesh,2022,2,Winter,8.5,29.1,62.0,2,0
Arunachal Pradesh,2022,3,Summer,26.3,101.6,79.4,1,0
Arunachal Pradesh,2022,4,Summer,22.4,117.3,79.9,3,0
Arunachal Pradesh,2022,5,Summer,20.3,105.6,64.4,4,0
Arunachal Pradesh,2022,6,Monsoon,18.9,216.1,91.8,8,0
Arunachal Pradesh,2022,7,Monsoon,18.2,384.4,83.4,13,0
Arunachal Pradesh,2022,8,Monsoon,23.7,344.8,88.6,17,0
Arunachal Pradesh,2022,9,Monsoon,16.6,444.8,89.4,18,0
Arunachal Pradesh,2022,10,Post,20.5,78.3,74.7,23,0
Arunachal Pradesh,2022,11,Post,18.0,80.8,72.7,14,0
Arunachal Pradesh,2022,12,Winter,11.2,14.5,62.7,9,0
Arunachal Pradesh,2023,1,Winter,6.9,25.1,61.7,2,0
Arunachal Pradesh,2023,2,Winter,8.5,20.5,67.8,2,0
Arunachal Pradesh,2023,3,Summer,26.1,162.1,73.8,2,0
Arunachal Pradesh,2023,4,Summer,23.9,155.7,79.4,3,0
Arunachal Pradesh,2023,5,Summer,24.1,77.8,69.1,6,0
Arunachal Pradesh,2023,6,Monsoon,15.9,364.0,79.1,10,0
Arunachal Pradesh,2023,7,Monsoon,23.3,253.4,81.5,12,0
Arunachal Pradesh,2023,8,Monsoon,19.9,349.6,92.0,16,0
Arunachal Pradesh,2023,9,Monsoon,17.4,396.9,91.8,19,0
Arunachal Pradesh,2023,10,Post,16.1,92.0,73.5,23,0
Arunachal Pradesh,2023,11,Post,16.0,88.1,72.3,14,0
Arunachal Pradesh,2023,12,Winter,8.4,14.3,59.0,9,0
Assam,2019,1,Winter,21.9,20.1,61.5,4,0
Assam,2019,2,Winter,18.4,23.4,61.9,4,0
Assam,2019,3,Summer,26.9,132.7,76.6,4,0
Assam,2019,4,Summer,23.4,131.2,67.0,6,0
Assam,2019,5,Summer,29.2,159.3,93.4,6,0
Assam,2019,6,Monsoon,30.2,495.8,77.7,12,0
Assam,2019,7,Monsoon,26.5,271.9,86.8,16,0
Assam,2019,8,Monsoon,25.8,396.6,94.6,29,0
Assam,2019,9,Monsoon,28.0,492.5,90.4,34,0
Assam,2019,10,Post,23.3,82.1,82.9,30,0
Assam,2019,11,Post,23.2,65.1,79.6,24,0
Assam,2019,12,Winter,21.8,20.1,65.6,14,0
Assam,2020,1,Winter,16.7,18.1,62.0,0,0
Assam,2020,2,Winter,16.3,10.0,68.4,0,0
Assam,2020,3,Summer,27.5,122.8,75.1,0,0
Assam,2020,4,Summer,29.5,165.8,79.0,1,0
Assam,2020,5,Summer,24.7,166.3,74.7,1,0
Assam,2020,6,Monsoon,29.1,401.3,76.3,2,0
Assam,2020,7,Monsoon,28.5,311.3,93.2,2,0
Assam,2020,8,Monsoon,24.7,591.6,81.9,3,0
Assam,2020,9,Monsoon,26.3,350.8,95.0,5,0
Assam,2020,10,Post,23.8,109.9,78.9,6,0
Assam,2020,11,Post,20.1,75.7,77.9,4,0
Assam,2020,12,Winter,17.6,20.7,65.4,2,0
Assam,2021,1,Winter,18.2,19.4,70.8,1,0
Assam,2021,2,Winter,18.5,17.6,67.9,1,0
Assam,2021,3,Summer,28.8,137.4,79.4,1,0
Assam,2021,4,Summer,32.2,141.9,82.7,3,0
Assam,2021,5,Summer,23.9,119.8,68.6,4,0
Assam,2021,6,Monsoon,27.3,259.9,90.1,8,0
Assam,2021,7,Monsoon,29.7,212.0,91.2,8,0
Assam,2021,8,Monsoon,29.5,392.6,92.8,13,0
Assam,2021,9,Monsoon,28.7,348.4,93.2,20,0
Assam,2021,10,Post,29.5,81.2,77.0,17,0
Assam,2021,11,Post,26.7,74.6,75.4,14,0
Assam,2021,12,Winter,17.0,18.6,69.1,9,0
Assam,2022,1,Winter,17.5,16.1,62.8,32,0
Assam,2022,2,Winter,18.8,23.9,69.9,38,0
Assam,2022,3,Summer,28.8,206.3,74.1,31,0
Assam,2022,4,Summer,25.5,155.1,82.2,52,0
Assam,2022,5,Summer,29.3,148.3,79.4,73,0
Assam,2022,6,Monsoon,25.7,364.6,90.2,146,0
Assam,2022,7,Monsoon,28.2,435.2,92.4,197,0
Assam,2022,8,Monsoon,28.4,399.0,84.3,266,0
Assam,2022,9,Monsoon,31.2,341.1,85.1,370,1
Assam,2022,10,Post,24.7,135.7,77.6,315,1
Assam,2022,11,Post,24.7,82.3,69.9,240,0
Assam,2022,12,Winter,14.7,19.1,68.1,137,0
Assam,2023,1,Winter,17.3,26.7,63.7,140,0
Assam,2023,2,Winter,15.0,20.0,58.4,158,0
Assam,2023,3,Summer,27.5,170.9,87.2,132,0
Assam,2023,4,Summer,30.3,119.5,80.6,291,0
Assam,2023,5,Summer,27.5,116.8,90.9,271,1
Assam,2023,6,Monsoon,28.1,320.5,93.4,666,1
Assam,2023,7,Monsoon,26.9,338.4,89.8,842,1
Assam,2023,8,Monsoon,26.9,485.5,76.7,1121,1
Assam,2023,9,Monsoon,30.5,222.4,88.3,1597,1
Assam,2023,10,Post,24.3,87.3,77.6,1341,1
Assam,2023,11,Post,22.8,121.5,79.7,865,1
Assam,2023,12,Winter,20.5,17.2,61.4,701,1
Bihar,2019,1,Winter,17.0,11.0,48.9,112,0
Bihar,2019,2,Winter,19.4,11.6,50.3,153,0
Bihar,2019,3,Summer,35.3,24.6,49.6,123,0
Bihar,2019,4,Summer,37.2,13.3,63.8,232,0
Bihar,2019,5,Summer,35.0,24.2,51.5,278,0
Bihar,2019,6,Monsoon,29.2,230.3,74.9,452,1
Bihar,2019,7,Monsoon,27.8,267.9,83.1,741,1
Bihar,2019,8,Monsoon,31.8,238.9,81.8,1052,1
Bihar,2019,9,Monsoon,31.3,197.7,83.5,1201,1
Bihar,2019,10,Post,24.6,35.0,62.9,1370,1
Bihar,2019,11,Post,28.0,42.8,62.3,704,1
Bihar,2019,12,Winter,16.4,6.7,57.8,548,1
Bihar,2020,1,Winter,20.1,10.9,56.3,10,0
Bihar,2020,2,Winter,20.0,8.0,57.6,11,0
Bihar,2020,3,Summer,32.3,14.9,51.9,8,0
Bihar,2020,4,Summer,36.1,18.6,56.0,15,0
Bihar,2020,5,Summer,34.8,14.4,50.4,21,0
Bihar,2020,6,Monsoon,29.3,223.0,73.2,34,0
Bihar,2020,7,Monsoon,33.0,207.4,77.7,40,0
Bihar,2020,8,Monsoon,33.4,224.3,74.4,56,0
Bihar,2020,9,Monsoon,37.1,196.2,87.7,70,0
Bihar,2020,10,Post,26.6,41.4,63.3,88,0
Bihar,2020,11,Post,26.7,54.5,68.5,71,0
Bihar,2020,12,Winter,16.9,7.8,59.6,40,0
Bihar,2021,1,Winter,16.5,9.5,54.6,11,0
Bihar,2021,2,Winter,19.2,12.1,55.6,13,0
Bihar,2021,3,Summer,37.1,24.3,59.2,11,0
Bihar,2021,4,Summer,36.9,13.9,54.7,22,0
Bihar,2021,5,Summer,36.9,20.8,56.4,29,0
Bihar,2021,6,Monsoon,29.4,217.9,80.9,52,0
Bihar,2021,7,Monsoon,31.9,227.3,82.1,58,0
Bihar,2021,8,Monsoon,32.1,143.8,84.5,75,0
Bihar,2021,9,Monsoon,32.4,180.9,88.3,88,0
Bihar,2021,10,Post,26.2,43.3,55.4,127,0
Bihar,2021,11,Post,30.1,28.1,66.3,73,0
Bihar,2021,12,Winter,19.8,11.4,55.2,56,0
Bihar,2022,1,Winter,17.0,12.8,66.5,321,0
Bihar,2022,2,Winter,17.3,6.6,46.2,305,0
Bihar,2022,3,Summer,35.2,18.9,48.3,256,0
Bihar,2022,4,Summer,34.2,12.3,49.0,449,1
Bihar,2022,5,Summer,38.0,19.1,54.8,584,1
Bihar,2022,6,Monsoon,33.3,246.7,90.1,983,1
Bihar,2022,7,Monsoon,30.7,178.8,78.9,1553,1
Bihar,2022,8,Monsoon,30.9,180.2,81.2,2323,1
Bihar,2022,9,Monsoon,34.8,177.2,77.8,2675,1
Bihar,2022,10,Post,28.9,34.4,61.5,2552,1
Bihar,2022,11,Post,31.1,54.4,61.9,2098,1
Bihar,2022,12,Winter,17.2,11.1,60.4,1140,1
Bihar,2023,1,Winter,17.6,8.4,48.1,440,1
Bihar,2023,2,Winter,16.5,8.3,55.0,359,1
Bihar,2023,3,Summer,35.0,20.9,54.9,401,1
Bihar,2023,4,Summer,38.4,24.8,56.7,569,1
Bihar,2023,5,Summer,37.4,27.4,57.9,905,1
Bihar,2023,6,Monsoon,31.3,237.3,84.1,1623,1
Bihar,2023,7,Monsoon,33.6,220.3,87.3,2118,1
Bihar,2023,8,Monsoon,34.3,174.0,84.4,3262,1
Bihar,2023,9,Monsoon,31.7,205.9,88.0,2971,1
Bihar,2023,10,Post,26.4,43.3,67.0,3651,1
Bihar,2023,11,Post,28.4,40.4,58.2,2770,1
Bihar,2023,12,Winter,19.5,13.0,56.1,1363,1
Chattisgarh,2019,1,Winter,20.5,13.2,49.5,15,0
Chattisgarh,2019,2,Winter,20.6,10.4,52.0,11,0
Chattisgarh,2019,3,Summer,40.1,11.9,45.7,13,0
Chattisgarh,2019,4,Summer,36.6,13.6,45.6,24,0
Chattisgarh,2019,5,Summer,36.9,16.1,52.8,30,0
Chattisgarh,2019,6,Monsoon,29.9,145.2,81.0,60,0
Chattisgarh,2019,7,Monsoon,27.1,123.3,85.2,77,0
Chattisgarh,2019,8,Monsoon,29.0,269.4,89.6,91,0
Chattisgarh,2019,9,Monsoon,31.3,215.6,92.2,117,0
Chattisgarh,2019,10,Post,25.9,59.0,64.0,115,0
Chattisgarh,2019,11,Post,25.5,64.4,64.6,111,0
Chattisgarh,2019,12,Winter,22.2,10.5,48.8,64,0
Chattisgarh,2020,1,Winter,21.1,10.9,53.2,0,0
Chattisgarh,2020,2,Winter,22.7,12.5,52.5,1,0
Chattisgarh,2020,3,Summer,36.6,20.4,44.8,0,0
Chattisgarh,2020,4,Summer,35.1,10.2,47.8,1,0
Chattisgarh,2020,5,Summer,37.1,9.3,42.7,2,0
Chattisgarh,2020,6,Monsoon,25.2,265.0,77.5,4,0
Chattisgarh,2020,7,Monsoon,28.1,217.9,83.0,5,0
Chattisgarh,2020,8,Monsoon,27.7,243.1,91.9,6,0
Chattisgarh,2020,9,Monsoon,30.4,130.2,81.8,7,0
Chattisgarh,2020,10,Post,26.6,48.2,61.3,8,0
Chattisgarh,2020,11,Post,31.6,56.4,62.1,6,0
Chattisgarh,2020,12,Winter,21.1,10.6,46.0,4,0
Chattisgarh,2021,1,Winter,20.1,8.7,53.5,23,0
Chattisgarh,2021,2,Winter,20.8,8.8,55.4,24,0
Chattisgarh,2021,3,Summer,40.6,15.6,55.4,21,0
Chattisgarh,2021,4,Summer,36.6,13.9,46.0,26,0
Chattisgarh,2021,5,Summer,36.7,13.5,43.4,51,0
Chattisgarh,2021,6,Monsoon,30.8,174.6,80.4,84,0
Chattisgarh,2021,7,Monsoon,30.0,314.3,91.6,96,0
Chattisgarh,2021,8,Monsoon,30.9,170.4,85.8,163,0
Chattisgarh,2021,9,Monsoon,29.5,146.6,85.0,202,0
Chattisgarh,2021,10,Post,29.3,31.4,60.5,185,0
Chattisgarh,2021,11,Post,28.4,60.5,73.4,140,0
Chattisgarh,2021,12,Winter,19.1,6.7,47.1,90,0
Chattisgarh,2022,1,Winter,23.0,12.8,46.9,58,0
Chattisgarh,2022,2,Winter,20.8,10.6,48.5,53,0
Chattisgarh,2022,3,Summer,39.1,13.9,48.9,50,0
Chattisgarh,2022,4,Summer,32.3,11.5,46.6,76,0
Chattisgarh,2022,5,Summer,35.4,18.5,42.7,127,0
Chattisgarh,2022,6,Monsoon,30.7,151.5,81.6,155,0
Chattisgarh,2022,7,Monsoon,30.2,163.5,88.0,260,0
Chattisgarh,2022,8,Monsoon,29.0,248.6,76.0,406,1
Chattisgarh,2022,9,Monsoon,29.3,204.6,81.4,518,1
Chattisgarh,2022,10,Post,32.2,53.6,71.5,553,1
Chattisgarh,2022,11,Post,27.5,48.0,64.6,352,1
Chattisgarh,2022,12,Winter,19.9,9.7,44.8,251,0
Chattisgarh,2023,1,Winter,20.2,6.0,54.6,47,0
Chattisgarh,2023,2,Winter,20.7,5.8,64.7,51,0
Chattisgarh,2023,3,Summer,40.2,11.9,48.1,57,0
Chattisgarh,2023,4,Summer,35.9,15.8,41.7,70,0
Chattisgarh,2023,5,Summer,37.6,15.7,49.4,113,0
Chattisgarh,2023,6,Monsoon,31.0,218.6,93.0,176,0
Chattisgarh,2023,7,Monsoon,30.4,266.2,88.5,213,0
Chattisgarh,2023,8,Monsoon,32.4,172.1,91.2,358,1
Chattisgarh,2023,9,Monsoon,30.6,186.8,82.7,470,1
Chattisgarh,2023,10,Post,28.7,53.4,72.2,475,1
Chattisgarh,2023,11,Post,27.5,59.6,70.9,352,1
Chattisgarh,2023,12,Winter,17.5,11.4,53.2,187,0
Goa,2019,1,Winter,26.7,10.3,64.1,18,0
Goa,2019,2,Winter,27.0,7.4,56.8,21,0
Goa,2019,3,Summer,30.0,11.4,66.8,17,0
Goa,2019,4,Summer,29.4,20.7,66.5,31,0
Goa,2019,5,Summer,30.6,29.0,74.9,39,0
Goa,2019,6,Monsoon,27.4,409.1,89.9,65,0
Goa,2019,7,Monsoon,25.2,301.9,95.1,103,0
Goa,2019,8,Monsoon,32.9,511.2,92.9,150,0
Goa,2019,9,Monsoon,29.5,475.3,90.5,138,0
Goa,2019,10,Post,28.9,57.7,80.8,150,0
Goa,2019,11,Post,25.6,58.8,73.1,144,0
Goa,2019,12,Winter,24.8,6.2,67.0,82,0
Goa,2020,1,Winter,25.0,11.9,60.1,6,0
Goa,2020,2,Winter,26.6,8.1,67.8,7,0
Goa,2020,3,Summer,30.8,21.3,62.0,8,0
Goa,2020,4,Summer,32.9,25.6,69.6,11,0
Goa,2020,5,Summer,32.3,18.3,70.6,16,0
Goa,2020,6,Monsoon,29.1,424.4,92.0,23,0
Goa,2020,7,Monsoon,25.2,607.5,83.8,41,0
Goa,2020,8,Monsoon,26.6,522.3,87.2,51,0
Goa,2020,9,Monsoon,26.7,475.1,85.8,66,0
Goa,2020,10,Post,33.3,66.3,74.3,77,0
Goa,2020,11,Post,28.6,58.4,78.2,50,0
Goa,2020,12,Winter,26.7,6.9,66.3,28,0
Goa,2021,1,Winter,26.8,15.2,61.0,12,0
Goa,2021,2,Winter,30.3,12.0,70.5,15,0
Goa,2021,3,Summer,33.1,26.5,68.1,10,0
Goa,2021,4,Summer,31.6,15.6,66.4,18,0
Goa,2021,5,Summer,32.1,16.9,71.2,29,0
Goa,2021,6,Monsoon,24.9,491.6,100.0,42,0
Goa,2021,7,Monsoon,30.5,341.1,98.4,63,0
Goa,2021,8,Monsoon,28.8,458.7,86.6,107,0
Goa,2021,9,Monsoon,29.1,367.1,90.8,92,0
Goa,2021,10,Post,26.2,79.0,76.5,109,0
Goa,2021,11,Post,31.2,67.3,72.5,100,0
Goa,2021,12,Winter,26.4,10.1,68.9,59,0
Goa,2022,1,Winter,31.6,10.8,66.0,7,0
Goa,2022,2,Winter,26.4,11.0,67.9,9,0
Goa,2022,3,Summer,30.4,14.7,60.8,8,0
Goa,2022,4,Summer,33.0,28.6,64.3,13,0
Goa,2022,5,Summer,32.0,23.4,70.4,16,0
Goa,2022,6,Monsoon,27.8,501.2,93.0,28,0
Goa,2022,7,Monsoon,27.7,382.0,92.7,41,0
Goa,2022,8,Monsoon,26.2,454.5,90.9,70,0
Goa,2022,9,Monsoon,27.9,523.6,97.0,65,0
Goa,2022,10,Post,30.1,29.7,78.3,68,0
Goa,2022,11,Post,27.8,57.8,78.3,68,0
Goa,2022,12,Winter,28.1,6.4,61.8,35,0
Goa,2023,1,Winter,25.1,9.7,59.0,10,0
Goa,2023,2,Winter,28.2,8.1,67.1,8,0
Goa,2023,3,Summer,31.6,26.0,70.7,12,0
Goa,2023,4,Summer,31.3,17.7,67.9,13,0
Goa,2023,5,Summer,30.8,18.8,68.1,20,0
Goa,2023,6,Monsoon,28.3,311.9,94.6,37,0
Goa,2023,7,Monsoon,22.9,534.1,83.2,48,0
Goa,2023,8,Monsoon,27.6,558.7,88.4,78,0
Goa,2023,9,Monsoon,26.8,216.8,87.3,88,0
Goa,2023,10,Post,29.8,48.1,77.8,93,0
Goa,2023,11,Post,31.4,58.1,77.9,57,0
Goa,2023,12,Winter,25.1,12.3,60.7,40,0
Gujarat,2019,1,Winter,19.3,3.4,57.4,421,1
Gujarat,2019,2,Winter,21.6,6.1,44.4,355,1
Gujarat,2019,3,Summer,39.4,9.0,55.8,387,1
Gujarat,2019,4,Summer,36.8,10.6,49.0,571,1
Gujarat,2019,5,Summer,38.1,8.5,47.3,732,1
Gujarat,2019,6,Monsoon,30.6,143.1,75.5,1063,1
Gujarat,2019,7,Monsoon,31.3,155.5,68.3,1712,1
Gujarat,2019,8,Monsoon,30.1,170.4,80.8,2229,1
Gujarat,2019,9,Monsoon,34.4,171.6,80.0,3251,1
Gujarat,2019,10,Post,28.5,15.0,57.5,2782,1
Gujarat,2019,11,Post,32.7,22.2,62.3,1934,1
Gujarat,2019,12,Winter,26.3,6.5,59.0,1602,1
Gujarat,2020,1,Winter,23.1,6.1,48.2,36,0
Gujarat,2020,2,Winter,20.3,4.4,43.6,30,0
Gujarat,2020,3,Summer,42.1,7.8,43.9,36,0
Gujarat,2020,4,Summer,37.4,7.3,49.6,52,0
Gujarat,2020,5,Summer,37.7,10.6,43.8,71,0
Gujarat,2020,6,Monsoon,35.2,176.7,78.7,116,0
Gujarat,2020,7,Monsoon,32.4,111.1,77.0,176,0
Gujarat,2020,8,Monsoon,30.7,150.9,67.5,248,0
Gujarat,2020,9,Monsoon,32.6,201.1,76.2,244,0
Gujarat,2020,10,Post,35.2,27.2,63.1,323,0
Gujarat,2020,11,Post,32.6,22.7,59.3,163,0
Gujarat,2020,12,Winter,19.6,5.8,45.4,149,0
Gujarat,2021,1,Winter,21.6,4.1,47.1,224,0
Gujarat,2021,2,Winter,23.2,5.7,57.2,192,0
Gujarat,2021,3,Summer,40.4,8.8,44.3,242,0
Gujarat,2021,4,Summer,38.0,7.1,39.5,283,1
Gujarat,2021,5,Summer,39.4,9.3,53.6,507,1
Gujarat,2021,6,Monsoon,31.2,99.0,82.3,741,1
Gujarat,2021,7,Monsoon,28.9,187.9,72.2,1160,1
Gujarat,2021,8,Monsoon,37.1,153.8,71.6,1575,1
Gujarat,2021,9,Monsoon,36.1,186.3,80.1,1695,1
Gujarat,2021,10,Post,31.2,20.0,66.6,1642,1
Gujarat,2021,11,Post,29.7,18.2,63.5,1592,1
Gujarat,2021,12,Winter,23.9,2.2,54.0,754,1
Gujarat,2022,1,Winter,20.6,3.1,49.6,138,0
Gujarat,2022,2,Winter,21.8,5.2,52.9,129,0
Gujarat,2022,3,Summer,40.4,11.2,43.9,151,0
Gujarat,2022,4,Summer,36.1,12.4,35.3,207,0
Gujarat,2022,5,Summer,37.0,7.8,45.7,245,0
Gujarat,2022,6,Monsoon,28.5,181.0,74.0,531,1
Gujarat,2022,7,Monsoon,33.0,134.0,69.2,570,1
Gujarat,2022,8,Monsoon,26.3,156.2,73.1,934,1
Gujarat,2022,9,Monsoon,35.3,136.3,72.0,1186,1
Gujarat,2022,10,Post,30.9,21.6,57.1,1278,1
Gujarat,2022,11,Post,29.8,19.2,55.6,1009,1
Gujarat,2022,12,Winter,20.3,4.2,45.4,590,1
Gujarat,2023,1,Winter,25.0,4.7,49.9,117,0
Gujarat,2023,2,Winter,20.5,5.1,44.3,139,0
Gujarat,2023,3,Summer,39.5,9.4,45.3,169,0
Gujarat,2023,4,Summer,39.0,9.8,42.0,195,0
Gujarat,2023,5,Summer,39.6,7.5,46.5,284,0
Gujarat,2023,6,Monsoon,29.3,152.4,76.7,475,1
Gujarat,2023,7,Monsoon,30.5,125.7,76.0,728,1
Gujarat,2023,8,Monsoon,34.3,141.1,75.8,1095,1
Gujarat,2023,9,Monsoon,30.3,152.6,69.6,1063,1
Gujarat,2023,10,Post,24.2,18.2,70.1,1254,1
Gujarat,2023,11,Post,31.2,28.2,60.1,1053,1
Gujarat,2023,12,Winter,20.5,4.4,49.7,643,1
Haryana,2019,1,Winter,12.7,8.4,57.6,26,0
Haryana,2019,2,Winter,12.1,7.1,60.5,27,0
Haryana,2019,3,Summer,37.4,10.3,44.4,24,0
Haryana,2019,4,Summer,37.8,12.1,40.0,38,0
Haryana,2019,5,Summer,37.1,18.4,40.6,44,0
Haryana,2019,6,Monsoon,30.1,128.7,78.8,89,0
Haryana,2019,7,Monsoon,32.1,150.7,72.3,104,0
Haryana,2019,8,Monsoon,34.7,143.6,75.3,156,0
Haryana,2019,9,Monsoon,32.3,110.3,67.2,200,0
Haryana,2019,10,Post,28.8,17.1,56.0,250,0
Haryana,2019,11,Post,28.0,25.6,54.6,187,0
Haryana,2019,12,Winter,14.9,12.3,67.2,83,0
Haryana,2020,1,Winter,13.6,12.0,65.9,29,0
Haryana,2020,2,Winter,19.2,8.4,63.0,31,0
Haryana,2020,3,Summer,38.3,19.0,35.0,27,0
Haryana,2020,4,Summer,40.3,14.5,46.5,38,0
Haryana,2020,5,Summer,40.6,14.9,35.0,59,0
Haryana,2020,6,Monsoon,32.0,106.4,69.9,90,0
Haryana,2020,7,Monsoon,36.2,112.3,78.1,129,0
Haryana,2020,8,Monsoon,36.0,117.5,78.1,229,0
Haryana,2020,9,Monsoon,31.2,127.8,66.1,251,0
Haryana,2020,10,Post,30.4,18.4,57.6,281,0
Haryana,2020,11,Post,29.7,14.6,55.6,165,0
Haryana,2020,12,Winter,17.9,12.1,53.4,129,0
Haryana,2021,1,Winter,14.7,11.0,63.2,214,0
Haryana,2021,2,Winter,16.2,10.5,63.3,242,0
Haryana,2021,3,Summer,37.7,12.1,45.5,241,0
Haryana,2021,4,Summer,37.8,15.8,39.7,299,1
Haryana,2021,5,Summer,36.9,14.7,41.7,431,1
Haryana,2021,6,Monsoon,33.4,109.6,75.8,964,1
Haryana,2021,7,Monsoon,34.5,134.8,67.3,1339,1
Haryana,2021,8,Monsoon,35.2,135.8,70.1,1400,1
Haryana,2021,9,Monsoon,33.7,164.1,70.9,1619,1
Haryana,2021,10,Post,27.3,12.5,53.5,2214,1
Haryana,2021,11,Post,25.9,15.7,59.8,1779,1
Haryana,2021,12,Winter,17.4,11.5,56.8,770,1
Haryana,2022,1,Winter,14.1,12.3,55.4,150,0
Haryana,2022,2,Winter,14.5,10.5,63.2,203,0
Haryana,2022,3,Summer,38.4,18.0,26.5,166,0
Haryana,2022,4,Summer,39.4,19.4,38.2,280,0
Haryana,2022,5,Summer,37.7,17.9,48.1,373,1
Haryana,2022,6,Monsoon,35.6,95.7,75.9,632,1
Haryana,2022,7,Monsoon,32.5,99.8,82.9,1061,1
Haryana,2022,8,Monsoon,32.6,155.5,75.1,1262,1
Haryana,2022,9,Monsoon,31.8,124.7,68.3,1512,1
Haryana,2022,10,Post,25.4,19.1,44.7,1422,1
Haryana,2022,11,Post,25.0,23.0,55.4,938,1
Haryana,2022,12,Winter,11.1,12.2,57.1,740,1
Haryana,2023,1,Winter,10.2,10.2,59.2,134,0
Haryana,2023,2,Winter,15.3,8.2,61.3,151,0
Haryana,2023,3,Summer,40.2,15.1,49.5,193,0
Haryana,2023,4,Summer,37.9,13.8,36.7,232,0
Haryana,2023,5,Summer,34.4,10.2,41.3,337,1
Haryana,2023,6,Monsoon,34.0,142.1,69.3,668,1
Haryana,2023,7,Monsoon,32.0,123.5,80.1,683,1
Haryana,2023,8,Monsoon,34.8,100.0,61.0,1072,1
Haryana,2023,9,Monsoon,32.6,96.3,71.3,1143,1
Haryana,2023,10,Post,28.2,22.0,54.2,1552,1
Haryana,2023,11,Post,25.8,25.6,54.5,1107,1
Haryana,2023,12,Winter,14.0,10.4,63.8,743,1
Himachal Pradesh,2019,1,Winter,3.8,32.2,54.3,5,0
Himachal Pradesh,2019,2,Winter,5.2,19.8,56.8,6,0
Himachal Pradesh,2019,3,Summer,20.9,30.6,55.8,6,0
Himachal Pradesh,2019,4,Summer,19.9,35.1,61.4,11,0
Himachal Pradesh,2019,5,Summer,20.7,40.7,49.0,12,0
Himachal Pradesh,2019,6,Monsoon,19.8,170.4,87.2,26,0
Himachal Pradesh,2019,7,Monsoon,18.6,189.4,79.3,31,0
Himachal Pradesh,2019,8,Monsoon,19.6,113.9,85.9,50,0
Himachal Pradesh,2019,9,Monsoon,20.1,220.6,74.5,56,0
Himachal Pradesh,2019,10,Post,13.2,32.3,62.8,50,0
Himachal Pradesh,2019,11,Post,16.6,51.2,62.2,43,0
Himachal Pradesh,2019,12,Winter,4.6,36.7,54.1,28,0
Himachal Pradesh,2020,1,Winter,2.5,26.4,59.9,0,0
Himachal Pradesh,2020,2,Winter,5.6,29.7,54.3,0,0
Himachal Pradesh,2020,3,Summer,23.1,30.0,52.8,0,0
Himachal Pradesh,2020,4,Summer,21.8,23.4,53.2,0,0
Himachal Pradesh,2020,5,Summer,21.5,39.6,57.8,0,0
Himachal Pradesh,2020,6,Monsoon,17.4,176.6,81.1,1,0
Himachal Pradesh,2020,7,Monsoon,20.3,193.3,79.5,2,0
Himachal Pradesh,2020,8,Monsoon,18.9,199.0,69.8,2,0
Himachal Pradesh,2020,9,Monsoon,21.5,260.3,83.2,3,0
Himachal Pradesh,2020,10,Post,15.0,31.5,60.6,3,0
Himachal Pradesh,2020,11,Post,13.7,36.2,55.1,2,0
Himachal Pradesh,2020,12,Winter,6.5,29.0,54.5,1,0
Himachal Pradesh,2021,1,Winter,-0.1,28.3,65.5,7,0
Himachal Pradesh,2021,2,Winter,8.9,27.3,53.6,5,0
Himachal Pradesh,2021,3,Summer,27.3,21.0,56.3,7,0
Himachal Pradesh,2021,4,Summer,22.9,27.8,56.4,11,0
Himachal Pradesh,2021,5,Summer,23.2,27.8,56.9,13,0
Himachal Pradesh,2021,6,Monsoon,17.9,189.2,85.2,23,0
Himachal Pradesh,2021,7,Monsoon,16.2,156.5,77.0,35,0
Himachal Pradesh,2021,8,Monsoon,20.7,277.8,78.7,56,0
Himachal Pradesh,2021,9,Monsoon,17.9,190.3,82.6,61,0
Himachal Pradesh,2021,10,Post,15.3,49.3,64.0,72,0
Himachal Pradesh,2021,11,Post,15.2,16.5,68.3,36,0
Himachal Pradesh,2021,12,Winter,5.4,41.7,58.8,30,0
Himachal Pradesh,2022,1,Winter,3.5,32.4,55.1,74,0
Himachal Pradesh,2022,2,Winter,2.2,24.6,56.6,78,0
Himachal Pradesh,2022,3,Summer,23.9,33.1,58.6,72,0
Himachal Pradesh,2022,4,Summer,23.0,32.5,52.0,110,0
Himachal Pradesh,2022,5,Summer,24.4,34.2,56.8,111,0
Himachal Pradesh,2022,6,Monsoon,20.1,150.5,79.9,224,0
Himachal Pradesh,2022,7,Monsoon,16.6,174.8,76.0,373,1
Himachal Pradesh,2022,8,Monsoon,17.4,181.1,83.0,428,1
Himachal Pradesh,2022,9,Monsoon,18.0,150.6,83.3,463,1
Himachal Pradesh,2022,10,Post,15.9,38.7,61.5,549,1
Himachal Pradesh,2022,11,Post,12.5,32.5,69.1,401,1
Himachal Pradesh,2022,12,Winter,4.6,20.8,59.3,281,0
Himachal Pradesh,2023,1,Winter,5.1,31.7,66.8,33,0
Himachal Pradesh,2023,2,Winter,2.4,30.0,65.0,38,0
Himachal Pradesh,2023,3,Summer,25.6,37.4,56.0,35,0
Himachal Pradesh,2023,4,Summer,21.0,35.1,57.8,66,0
Himachal Pradesh,2023,5,Summer,24.1,46.6,57.0,72,0
Himachal Pradesh,2023,6,Monsoon,17.0,114.0,79.9,118,0
Himachal Pradesh,2023,7,Monsoon,17.0,185.5,75.9,159,0
Himachal Pradesh,2023,8,Monsoon,20.2,157.5,80.1,253,0
Himachal Pradesh,2023,9,Monsoon,17.3,185.6,84.1,313,1
Himachal Pradesh,2023,10,Post,12.3,37.8,61.1,325,1
Himachal Pradesh,2023,11,Post,13.0,47.0,66.3,251,0
Himachal Pradesh,2023,12,Winter,5.4,28.6,63.8,188,0
J & K,2019,1,Winter,2.5,35.3,42.8,9,0
J & K,2019,2,Winter,1.7,44.2,50.9,9,0
J & K,2019,3,Summer,24.2,26.0,46.9,9,0
J & K,2019,4,Summer,23.4,22.8,50.7,12,0
J & K,2019,5,Summer,24.0,28.0,42.8,15,0
J & K,2019,6,Monsoon,15.4,71.9,62.9,25,0
J & K,2019,7,Monsoon,19.1,129.0,71.6,38,0
J & K,2019,8,Monsoon,20.6,92.6,80.5,70,0
J & K,2019,9,Monsoon,21.3,78.6,62.2,63,0
J & K,2019,10,Post,15.6,37.6,62.1,73,0
J & K,2019,11,Post,11.6,39.9,53.5,65,0
J & K,2019,12,Winter,3.3,33.0,47.9,28,0
J & K,2020,1,Winter,2.1,32.0,58.7,0,0
J & K,2020,2,Winter,1.0,27.8,49.3,0,0
J & K,2020,3,Summer,23.5,20.0,37.2,1,0
J & K,2020,4,Summer,23.6,24.6,50.1,1,0
J & K,2020,5,Summer,24.0,27.7,44.1,2,0
J & K,2020,6,Monsoon,22.2,102.4,77.7,4,0
J & K,2020,7,Monsoon,21.3,111.8,68.2,4,0
J & K,2020,8,Monsoon,18.9,119.6,66.3,7,0
J & K,2020,9,Monsoon,17.5,70.6,70.8,10,0
J & K,2020,10,Post,14.1,34.0,61.4,9,0
J & K,2020,11,Post,10.8,25.0,57.5,7,0
J & K,2020,12,Winter,-1.3,34.4,54.8,5,0
J & K,2021,1,Winter,2.0,41.8,48.7,30,0
J & K,2021,2,Winter,0.8,42.7,50.0,38,0
J & K,2021,3,Summer,21.8,26.2,52.5,32,0
J & K,2021,4,Summer,26.3,19.1,54.2,48,0
J & K,2021,5,Summer,23.5,27.3,54.9,74,0
J & K,2021,6,Monsoon,19.8,78.2,69.2,141,0
J & K,2021,7,Monsoon,16.8,103.7,80.1,141,0
J & K,2021,8,Monsoon,20.0,116.8,66.9,235,0
J & K,2021,9,Monsoon,15.6,130.7,62.9,238,0
J & K,2021,10,Post,13.5,32.7,59.9,275,1
J & K,2021,11,Post,10.8,32.8,68.1,184,0
J & K,2021,12,Winter,-0.7,41.3,55.2,119,0
J & K,2022,1,Winter,2.9,40.2,51.8,163,0
J & K,2022,2,Winter,3.0,32.3,59.2,174,0
J & K,2022,3,Summer,22.1,27.4,57.4,165,0
J & K,2022,4,Summer,24.7,28.1,49.0,221,0
J & K,2022,5,Summer,21.5,28.0,54.4,361,1
J & K,2022,6,Monsoon,19.1,96.9,65.6,469,1
J & K,2022,7,Monsoon,24.2,95.1,68.2,793,1
J & K,2022,8,Monsoon,18.7,73.1,62.0,1275,1
J & K,2022,9,Monsoon,16.3,120.2,66.6,1441,1
J & K,2022,10,Post,15.6,38.3,51.8,1333,1
J & K,2022,11,Post,14.0,24.3,56.0,1268,1
J & K,2022,12,Winter,3.4,27.7,64.9,682,1
J & K,2023,1,Winter,5.2,40.8,50.5,148,0
J & K,2023,2,Winter,-0.7,51.3,53.0,126,0
J & K,2023,3,Summer,21.1,24.9,43.7,119,0
J & K,2023,4,Summer,24.7,23.2,52.2,159,0
J & K,2023,5,Summer,18.8,26.0,52.2,238,0
J & K,2023,6,Monsoon,20.8,120.7,73.7,475,1
J & K,2023,7,Monsoon,16.4,106.4,67.5,544,1
J & K,2023,8,Monsoon,19.8,113.8,57.2,736,1
J & K,2023,9,Monsoon,17.8,78.3,73.4,1193,1
J & K,2023,10,Post,11.7,28.5,63.7,1061,1
J & K,2023,11,Post,16.4,24.1,55.7,789,1
J & K,2023,12,Winter,2.9,51.7,46.4,545,1
Jharkhand,2019,1,Winter,18.2,8.4,47.8,18,0
Jharkhand,2019,2,Winter,19.0,11.1,52.5,13,0
Jharkhand,2019,3,Summer,37.3,14.0,55.3,18,0
Jharkhand,2019,4,Summer,34.0,20.1,45.2,24,0
Jharkhand,2019,5,Summer,37.2,19.3,52.7,35,0
Jharkhand,2019,6,Monsoon,31.8,325.7,82.6,62,0
Jharkhand,2019,7,Monsoon,31.3,303.6,87.2,72,0
Jharkhand,2019,8,Monsoon,28.8,207.2,76.9,137,0
Jharkhand,2019,9,Monsoon,30.9,323.6,85.3,165,0
Jharkhand,2019,10,Post,30.3,26.1,64.6,128,0
Jharkhand,2019,11,Post,28.4,58.5,63.5,121,0
Jharkhand,2019,12,Winter,17.9,9.9,54.3,59,0
Jharkhand,2020,1,Winter,19.8,11.2,54.5,1,0
Jharkhand,2020,2,Winter,18.1,13.6,52.2,1,0
Jharkhand,2020,3,Summer,37.0,17.9,39.2,1,0
Jharkhand,2020,4,Summer,38.2,15.5,44.9,2,0
Jharkhand,2020,5,Summer,38.1,22.5,53.4,3,0
Jharkhand,2020,6,Monsoon,27.3,283.9,79.8,5,0
Jharkhand,2020,7,Monsoon,27.9,204.3,75.4,8,0
Jharkhand,2020,8,Monsoon,32.2,241.6,82.2,12,0
Jharkhand,2020,9,Monsoon,28.9,184.4,77.4,11,0
Jharkhand,2020,10,Post,29.5,55.4,64.2,15,0
Jharkhand,2020,11,Post,29.2,64.5,63.2,11,0
Jharkhand,2020,12,Winter,15.3,9.4,49.4,5,0
Jharkhand,2021,1,Winter,18.7,9.9,52.2,3,0
Jharkhand,2021,2,Winter,16.5,13.0,48.9,4,0
Jharkhand,2021,3,Summer,32.3,16.3,42.5,3,0
Jharkhand,2021,4,Summer,34.7,13.0,49.4,6,0
Jharkhand,2021,5,Summer,36.4,20.3,46.4,7,0
Jharkhand,2021,6,Monsoon,30.4,275.3,83.9,12,0
Jharkhand,2021,7,Monsoon,33.3,355.1,76.5,17,0
Jharkhand,2021,8,Monsoon,31.7,346.6,88.1,32,0
Jharkhand,2021,9,Monsoon,27.8,228.6,88.1,44,0
Jharkhand,2021,10,Post,27.5,47.9,66.4,40,0
Jharkhand,2021,11,Post,29.1,61.7,63.9,29,0
Jharkhand,2021,12,Winter,17.9,9.3,43.9,20,0
Jharkhand,2022,1,Winter,20.2,9.3,54.8,6,0
Jharkhand,2022,2,Winter,16.0,8.3,51.3,6,0
Jharkhand,2022,3,Summer,35.7,23.3,47.8,6,0
Jharkhand,2022,4,Summer,32.8,20.1,49.6,9,0
Jharkhand,2022,5,Summer,33.4,22.8,47.5,10,0
Jharkhand,2022,6,Monsoon,30.5,300.1,85.8,16,0
Jharkhand,2022,7,Monsoon,28.4,241.3,78.4,23,0
Jharkhand,2022,8,Monsoon,28.3,375.5,81.5,42,0
Jharkhand,2022,9,Monsoon,28.8,293.4,85.5,57,0
Jharkhand,2022,10,Post,27.9,36.0,66.0,54,0
Jharkhand,2022,11,Post,28.7,58.9,61.2,35,0
Jharkhand,2022,12,Winter,18.1,10.3,55.8,23,0
Jharkhand,2023,1,Winter,16.4,7.2,53.5,57,0
Jharkhand,2023,2,Winter,19.4,14.3,48.2,46,0
Jharkhand,2023,3,Summer,34.8,26.9,60.0,60,0
Jharkhand,2023,4,Summer,34.5,18.1,41.1,62,0
Jharkhand,2023,5,Summer,36.1,12.3,49.9,120,0
Jharkhand,2023,6,Monsoon,28.6,294.1,81.1,173,0
Jharkhand,2023,7,Monsoon,27.5,325.5,81.6,213,0
Jharkhand,2023,8,Monsoon,29.4,310.4,77.8,416,1
Jharkhand,2023,9,Monsoon,31.1,334.2,81.3,404,1
Jharkhand,2023,10,Post,25.8,51.0,56.7,470,1
Jharkhand,2023,11,Post,24.3,36.8,67.4,309,1
Jharkhand,2023,12,Winter,19.1,7.7,45.2,206,0
Karnataka,2019,1,Winter,21.5,8.3,55.9,298,1
Karnataka,2019,2,Winter,28.0,10.8,59.2,385,1
Karnataka,2019,3,Summer,32.8,22.4,65.3,293,1
Karnataka,2019,4,Summer,29.7,16.0,57.7,549,1
Karnataka,2019,5,Summer,31.2,18.8,59.9,683,1
Karnataka,2019,6,Monsoon,26.8,188.8,84.1,1119,1
Karnataka,2019,7,Monsoon,24.6,187.7,94.1,1525,1
Karnataka,2019,8,Monsoon,25.9,194.2,79.0,2125,1
Karnataka,2019,9,Monsoon,27.0,283.5,74.1,2934,1
Karnataka,2019,10,Post,22.2,73.0,75.3,2655,1
Karnataka,2019,11,Post,20.7,60.0,71.6,2236,1
Karnataka,2019,12,Winter,23.8,10.5,50.4,1150,1
Karnataka,2020,1,Winter,20.2,9.2,50.0,73,0
Karnataka,2020,2,Winter,23.3,9.7,55.9,76,0
Karnataka,2020,3,Summer,31.4,19.8,68.1,80,0
Karnataka,2020,4,Summer,29.8,15.6,59.2,92,0
Karnataka,2020,5,Summer,32.6,27.0,56.9,173,0
Karnataka,2020,6,Monsoon,25.8,116.6,81.1,298,0
Karnataka,2020,7,Monsoon,22.4,191.9,78.0,365,1
Karnataka,2020,8,Monsoon,24.9,189.0,86.7,544,1
Karnataka,2020,9,Monsoon,23.8,208.5,88.0,632,1
Karnataka,2020,10,Post,25.0,47.1,66.6,646,1
Karnataka,2020,11,Post,24.8,57.8,67.0,541,1
Karnataka,2020,12,Winter,17.6,12.6,59.8,245,1
Karnataka,2021,1,Winter,23.3,7.7,54.0,165,0
Karnataka,2021,2,Winter,22.0,10.5,62.6,122,0
Karnataka,2021,3,Summer,32.9,25.8,58.5,165,0
Karnataka,2021,4,Summer,33.6,15.4,55.3,236,0
Karnataka,2021,5,Summer,34.8,22.8,52.8,341,0
Karnataka,2021,6,Monsoon,24.0,214.2,83.1,571,1
Karnataka,2021,7,Monsoon,28.4,242.9,83.0,778,1
Karnataka,2021,8,Monsoon,26.9,196.3,75.9,1124,1
Karnataka,2021,9,Monsoon,23.3,173.9,76.6,1113,1
Karnataka,2021,10,Post,24.4,70.2,69.2,1334,1
Karnataka,2021,11,Post,24.2,78.2,72.6,1074,1
Karnataka,2021,12,Winter,24.1,11.9,49.5,535,1
Karnataka,2022,1,Winter,22.3,11.1,49.1,173,0
Karnataka,2022,2,Winter,20.2,8.0,58.5,205,0
Karnataka,2022,3,Summer,33.7,15.1,57.8,218,0
Karnataka,2022,4,Summer,33.3,16.2,62.2,288,0
Karnataka,2022,5,Summer,32.7,13.7,55.5,367,1
Karnataka,2022,6,Monsoon,24.5,226.8,80.5,829,1
Karnataka,2022,7,Monsoon,25.7,212.6,84.3,817,1
Karnataka,2022,8,Monsoon,21.9,246.5,77.9,1554,1
Karnataka,2022,9,Monsoon,23.0,190.2,81.8,1871,1
Karnataka,2022,10,Post,25.7,38.3,73.2,1889,1
Karnataka,2022,11,Post,27.2,75.9,71.9,1318,1
Karnataka,2022,12,Winter,24.2,11.9,56.7,818,1
Karnataka,2023,1,Winter,22.3,10.0,53.2,418,1
Karnataka,2023,2,Winter,25.1,7.3,52.2,400,1
Karnataka,2023,3,Summer,32.7,11.6,58.1,400,1
Karnataka,2023,4,Summer,33.8,19.7,51.7,619,1
Karnataka,2023,5,Summer,29.9,25.9,64.8,832,1
Karnataka,2023,6,Monsoon,25.0,147.5,86.3,1165,1
Karnataka,2023,7,Monsoon,27.5,267.4,84.8,1895,1
Karnataka,2023,8,Monsoon,23.2,238.1,84.4,2345,1
Karnataka,2023,9,Monsoon,28.1,234.2,84.1,3885,1
Karnataka,2023,10,Post,26.9,48.2,85.3,3337,1
Karnataka,2023,11,Post,26.5,46.2,71.9,2592,1
Karnataka,2023,12,Winter,21.6,6.5,60.6,1267,1
Kerala,2019,1,Winter,26.9,27.3,71.0,107,0
Kerala,2019,2,Winter,25.5,32.0,74.0,82,0
Kerala,2019,3,Summer,33.3,67.1,79.5,111,0
Kerala,2019,4,Summer,30.7,84.6,75.4,137,0
Kerala,2019,5,Summer,31.0,76.9,74.0,154,0
Kerala,2019,6,Monsoon,25.5,434.0,88.5,321,1
Kerala,2019,7,Monsoon,26.0,471.5,90.7,553,1
Kerala,2019,8,Monsoon,26.5,329.8,89.7,728,1
Kerala,2019,9,Monsoon,24.6,395.8,89.6,713,1
Kerala,2019,10,Post,27.3,229.3,79.3,690,1
Kerala,2019,11,Post,29.2,159.9,82.9,692,1
Kerala,2019,12,Winter,25.1,18.5,69.2,381,1
Kerala,2020,1,Winter,26.3,31.8,70.9,75,0
Kerala,2020,2,Winter,32.4,21.4,73.9,87,0
Kerala,2020,3,Summer,31.8,66.7,79.6,72,0
Kerala,2020,4,Summer,30.9,61.0,63.4,143,0
Kerala,2020,5,Summer,35.7,93.0,77.4,162,0
Kerala,2020,6,Monsoon,27.7,622.4,92.7,368,1
Kerala,2020,7,Monsoon,26.4,584.5,91.8,482,1
Kerala,2020,8,Monsoon,24.2,167.5,84.7,699,1
Kerala,2020,9,Monsoon,28.9,463.3,83.5,734,1
Kerala,2020,10,Post,26.2,162.3,86.7,695,1
Kerala,2020,11,Post,31.8,238.5,96.1,510,1
Kerala,2020,12,Winter,26.7,17.4,74.3,374,1
Kerala,2021,1,Winter,27.4,23.4,67.1,57,0
Kerala,2021,2,Winter,25.3,32.7,67.8,59,0
Kerala,2021,3,Summer,29.8,83.5,81.1,61,0
Kerala,2021,4,Summer,31.0,81.9,70.8,110,0
Kerala,2021,5,Summer,30.9,87.7,69.5,115,0
Kerala,2021,6,Monsoon,28.4,463.9,94.7,206,0
Kerala,2021,7,Monsoon,28.1,622.9,88.8,319,1
Kerala,2021,8,Monsoon,27.9,428.5,90.7,452,1
Kerala,2021,9,Monsoon,25.1,433.2,93.5,545,1
Kerala,2021,10,Post,27.6,237.3,84.0,504,1
Kerala,2021,11,Post,22.5,162.0,82.4,478,1
Kerala,2021,12,Winter,29.8,26.4,64.4,261,0
Kerala,2022,1,Winter,28.5,31.3,72.5,72,0
Kerala,2022,2,Winter,34.9,30.3,67.4,86,0
Kerala,2022,3,Summer,31.4,84.6,74.8,79,0
Kerala,2022,4,Summer,31.2,84.0,70.5,121,0
Kerala,2022,5,Summer,31.2,61.9,72.7,195,0
Kerala,2022,6,Monsoon,29.5,532.5,89.8,277,1
Kerala,2022,7,Monsoon,28.4,684.9,91.1,366,1
Kerala,2022,8,Monsoon,28.3,653.4,92.7,554,1
Kerala,2022,9,Monsoon,26.6,493.6,92.5,883,1
Kerala,2022,10,Post,28.5,205.0,77.7,854,1
Kerala,2022,11,Post,29.7,163.6,80.6,525,1
Kerala,2022,12,Winter,28.9,35.9,75.2,371,1
Kerala,2023,1,Winter,25.8,28.6,61.8,326,1
Kerala,2023,2,Winter,26.2,27.2,64.2,408,1
Kerala,2023,3,Summer,32.6,61.6,75.4,313,1
Kerala,2023,4,Summer,26.0,113.2,73.1,575,1
Kerala,2023,5,Summer,32.9,104.3,70.3,669,1
Kerala,2023,6,Monsoon,30.5,473.0,95.0,1313,1
Kerala,2023,7,Monsoon,25.4,439.1,89.4,1693,1
Kerala,2023,8,Monsoon,24.9,522.9,100.0,2232,1
Kerala,2023,9,Monsoon,23.2,493.1,85.2,2564,1
Kerala,2023,10,Post,32.0,184.4,80.0,3641,1
Kerala,2023,11,Post,30.5,149.5,87.7,2556,1
Kerala,2023,12,Winter,27.4,41.5,74.0,1616,1
Lakshadweep,2019,1,Winter,23.7,16.2,74.4,0,0
Lakshadweep,2019,2,Winter,27.2,15.9,74.5,0,0
Lakshadweep,2019,3,Summer,33.0,44.8,78.4,0,0
Lakshadweep,2019,4,Summer,29.6,26.0,80.9,0,0
Lakshadweep,2019,5,Summer,26.2,33.1,75.9,0,0
Lakshadweep,2019,6,Monsoon,31.8,179.2,91.3,0,0
Lakshadweep,2019,7,Monsoon,30.2,226.4,87.5,0,0
Lakshadweep,2019,8,Monsoon,30.7,307.7,85.4,0,0
Lakshadweep,2019,9,Monsoon,25.0,108.4,85.7,0,0
Lakshadweep,2019,10,Post,29.1,109.7,85.3,0,0
Lakshadweep,2019,11,Post,24.3,92.2,84.0,0,0
Lakshadweep,2019,12,Winter,27.9,19.9,72.4,0,0
Lakshadweep,2020,1,Winter,27.9,16.1,75.3,0,0
Lakshadweep,2020,2,Winter,27.9,19.5,71.5,0,0
Lakshadweep,2020,3,Summer,31.2,41.3,75.1,0,0
Lakshadweep,2020,4,Summer,30.4,22.5,83.7,0,0
Lakshadweep,2020,5,Summer,30.9,49.6,71.1,0,0
Lakshadweep,2020,6,Monsoon,26.6,196.5,79.1,0,0
Lakshadweep,2020,7,Monsoon,26.9,260.2,82.0,0,0
Lakshadweep,2020,8,Monsoon,27.2,190.0,86.5,0,0
Lakshadweep,2020,9,Monsoon,25.0,266.1,96.8,0,0
Lakshadweep,2020,10,Post,28.0,107.1,81.7,0,0
Lakshadweep,2020,11,Post,28.5,113.9,76.7,0,0
Lakshadweep,2020,12,Winter,30.4,28.0,76.8,0,0
Lakshadweep,2021,1,Winter,28.6,22.2,76.2,0,0
Lakshadweep,2021,2,Winter,26.5,19.1,80.8,0,0
Lakshadweep,2021,3,Summer,29.6,42.5,77.7,0,0
Lakshadweep,2021,4,Summer,32.4,45.4,69.2,0,0
Lakshadweep,2021,5,Summer,29.8,43.4,73.7,0,0
Lakshadweep,2021,6,Monsoon,30.6,317.3,85.6,0,0
Lakshadweep,2021,7,Monsoon,31.3,303.5,84.4,0,0
Lakshadweep,2021,8,Monsoon,28.7,272.2,82.2,0,0
Lakshadweep,2021,9,Monsoon,28.9,156.5,82.2,0,0
Lakshadweep,2021,10,Post,27.4,129.9,80.6,0,0
Lakshadweep,2021,11,Post,27.6,84.9,88.2,0,0
Lakshadweep,2021,12,Winter,30.3,18.5,72.5,0,0
Lakshadweep,2022,1,Winter,26.7,23.0,65.5,1,0
Lakshadweep,2022,2,Winter,29.6,19.3,75.2,1,0
Lakshadweep,2022,3,Summer,29.8,39.7,69.3,1,0
Lakshadweep,2022,4,Summer,33.0,26.1,79.7,2,0
Lakshadweep,2022,5,Summer,30.9,37.9,82.2,2,0
Lakshadweep,2022,6,Monsoon,23.7,310.5,86.7,5,0
Lakshadweep,2022,7,Monsoon,26.6,214.4,87.4,6,0
Lakshadweep,2022,8,Monsoon,26.2,283.9,84.1,7,0
Lakshadweep,2022,9,Monsoon,22.2,231.3,82.8,11,0
Lakshadweep,2022,10,Post,24.7,105.0,77.1,13,0
Lakshadweep,2022,11,Post,26.8,109.1,80.7,8,0
Lakshadweep,2022,12,Winter,25.6,26.8,70.7,4,0
Lakshadweep,2023,1,Winter,26.8,18.3,70.3,9,0
Lakshadweep,2023,2,Winter,28.2,22.1,73.4,10,0
Lakshadweep,2023,3,Summer,28.0,34.0,70.7,9,0
Lakshadweep,2023,4,Summer,29.0,44.1,82.9,15,0
Lakshadweep,2023,5,Summer,27.8,37.4,74.1,19,0
Lakshadweep,2023,6,Monsoon,30.7,231.2,87.0,37,0
Lakshadweep,2023,7,Monsoon,29.8,341.5,86.0,43,0
Lakshadweep,2023,8,Monsoon,29.4,184.3,96.8,60,0
Lakshadweep,2023,9,Monsoon,29.4,155.8,86.1,88,0
Lakshadweep,2023,10,Post,28.9,118.6,85.7,81,0
Lakshadweep,2023,11,Post,26.1,86.5,79.1,66,0
Lakshadweep,2023,12,Winter,28.7,18.2,79.5,38,0
Madhya Pradesh,2019,1,Winter,21.3,10.4,53.7,81,0
Madhya Pradesh,2019,2,Winter,21.6,9.5,46.2,74,0
Madhya Pradesh,2019,3,Summer,35.9,11.5,46.9,74,0
Madhya Pradesh,2019,4,Summer,39.4,12.1,41.6,102,0
Madhya Pradesh,2019,5,Summer,36.3,12.5,43.9,156,0
Madhya Pradesh,2019,6,Monsoon,29.9,168.6,77.9,244,0
Madhya Pradesh,2019,7,Monsoon,27.9,248.8,71.6,384,1
Madhya Pradesh,2019,8,Monsoon,30.4,187.9,78.4,480,1
Madhya Pradesh,2019,9,Monsoon,30.4,213.8,78.1,589,1
Madhya Pradesh,2019,10,Post,33.7,31.2,56.0,706,1
Madhya Pradesh,2019,11,Post,27.7,34.6,62.2,499,1
Madhya Pradesh,2019,12,Winter,16.5,11.0,51.2,388,1
Madhya Pradesh,2020,1,Winter,19.3,9.7,51.8,14,0
Madhya Pradesh,2020,2,Winter,18.3,9.0,44.3,16,0
Madhya Pradesh,2020,3,Summer,37.5,10.1,35.5,17,0
Madhya Pradesh,2020,4,Summer,40.3,6.1,43.5,20,0
Madhya Pradesh,2020,5,Summer,38.5,11.3,38.9,35,0
Madhya Pradesh,2020,6,Monsoon,28.3,166.4,79.4,45,0
Madhya Pradesh,2020,7,Monsoon,28.2,228.8,83.9,95,0
Madhya Pradesh,2020,8,Monsoon,30.3,201.9,91.8,94,0
Madhya Pradesh,2020,9,Monsoon,25.7,211.6,70.2,122,0
Madhya Pradesh,2020,10,Post,31.0,28.3,56.9,121,0
Madhya Pradesh,2020,11,Post,30.8,15.1,66.4,97,0
Madhya Pradesh,2020,12,Winter,18.7,6.7,41.8,68,0
Madhya Pradesh,2021,1,Winter,15.7,9.8,51.7,265,1
Madhya Pradesh,2021,2,Winter,16.1,10.8,53.5,336,1
Madhya Pradesh,2021,3,Summer,39.1,10.7,48.8,326,1
Madhya Pradesh,2021,4,Summer,38.0,9.1,31.3,489,1
Madhya Pradesh,2021,5,Summer,37.3,10.8,39.7,645,1
Madhya Pradesh,2021,6,Monsoon,28.0,149.3,78.4,898,1
Madhya Pradesh,2021,7,Monsoon,30.4,147.5,70.3,1645,1
Madhya Pradesh,2021,8,Monsoon,30.5,251.0,77.9,1966,1
Madhya Pradesh,2021,9,Monsoon,31.8,124.4,85.9,2507,1
Madhya Pradesh,2021,10,Post,29.1,26.9,70.8,2458,1
Madhya Pradesh,2021,11,Post,29.0,40.8,63.5,1638,1
Madhya Pradesh,2021,12,Winter,17.5,7.4,49.2,1380,1
Madhya Pradesh,2022,1,Winter,15.9,10.0,45.2,73,0
Madhya Pradesh,2022,2,Winter,21.3,4.4,44.1,77,0
Madhya Pradesh,2022,3,Summer,37.0,9.3,42.1,63,0
Madhya Pradesh,2022,4,Summer,38.2,9.6,37.5,99,0
Madhya Pradesh,2022,5,Summer,38.9,8.0,34.2,112,0
Madhya Pradesh,2022,6,Monsoon,26.6,172.3,82.8,221,0
Madhya Pradesh,2022,7,Monsoon,28.6,250.3,75.4,373,1
Madhya Pradesh,2022,8,Monsoon,30.4,186.2,80.6,548,1
Madhya Pradesh,2022,9,Monsoon,29.8,137.0,85.3,541,1
Madhya Pradesh,2022,10,Post,31.6,25.0,58.2,571,1
Madhya Pradesh,2022,11,Post,29.0,25.6,70.8,495,1
Madhya Pradesh,2022,12,Winter,20.4,5.0,54.6,297,0
Madhya Pradesh,2023,1,Winter,16.4,8.1,54.3,133,0
Madhya Pradesh,2023,2,Winter,18.3,6.8,47.8,120,0
Madhya Pradesh,2023,3,Summer,41.9,7.2,42.5,157,0
Madhya Pradesh,2023,4,Summer,41.0,9.9,35.8,220,0
Madhya Pradesh,2023,5,Summer,39.0,11.1,41.0,237,0
Madhya Pradesh,2023,6,Monsoon,29.8,200.1,73.9,398,1
Madhya Pradesh,2023,7,Monsoon,30.9,88.8,81.4,745,1
Madhya Pradesh,2023,8,Monsoon,30.3,229.6,77.6,1153,1
Madhya Pradesh,2023,9,Monsoon,28.7,165.5,88.0,1129,1
Madhya Pradesh,2023,10,Post,26.3,30.8,57.1,1458,1
Madhya Pradesh,2023,11,Post,25.4,26.8,57.0,1023,1
Madhya Pradesh,2023,12,Winter,17.8,8.5,56.0,525,1
Meghalaya,2019,1,Winter,10.5,51.1,72.2,1,0
Meghalaya,2019,2,Winter,12.2,27.8,78.7,1,0
Meghalaya,2019,3,Summer,26.5,235.6,84.9,1,0
Meghalaya,2019,4,Summer,19.4,256.0,84.8,2,0
Meghalaya,2019,5,Summer,23.4,154.4,81.4,2,0
Meghalaya,2019,6,Monsoon,16.4,537.9,89.3,5,0
Meghalaya,2019,7,Monsoon,17.7,532.7,77.4,7,0
Meghalaya,2019,8,Monsoon,22.1,576.3,92.9,11,0
Meghalaya,2019,9,Monsoon,21.4,827.7,92.8,16,0
Meghalaya,2019,10,Post,18.0,213.1,85.0,12,0
Meghalaya,2019,11,Post,15.1,143.4,81.5,9,0
Meghalaya,2019,12,Winter,9.8,26.9,70.6,6,0
Meghalaya,2020,1,Winter,12.0,23.2,75.8,0,0
Meghalaya,2020,2,Winter,12.8,18.9,68.4,0,0
Meghalaya,2020,3,Summer,20.0,179.4,89.7,0,0
Meghalaya,2020,4,Summer,23.3,144.2,79.2,0,0
Meghalaya,2020,5,Summer,23.0,178.6,84.6,0,0
Meghalaya,2020,6,Monsoon,21.9,492.3,85.4,0,0
Meghalaya,2020,7,Monsoon,18.1,606.1,89.5,0,0
Meghalaya,2020,8,Monsoon,15.3,528.3,97.4,0,0
Meghalaya,2020,9,Monsoon,21.4,390.3,94.2,0,0
Meghalaya,2020,10,Post,17.0,154.8,80.2,0,0
Meghalaya,2020,11,Post,18.6,83.5,84.5,0,0
Meghalaya,2020,12,Winter,5.0,43.2,65.9,0,0
Meghalaya,2021,1,Winter,8.8,30.6,69.0,2,0
Meghalaya,2021,2,Winter,14.1,49.1,61.3,2,0
Meghalaya,2021,3,Summer,21.8,150.4,92.5,2,0
Meghalaya,2021,4,Summer,25.2,248.2,78.9,3,0
Meghalaya,2021,5,Summer,23.8,156.9,88.9,5,0
Meghalaya,2021,6,Monsoon,18.6,568.5,100.0,7,0
Meghalaya,2021,7,Monsoon,16.9,411.9,93.7,11,0
Meghalaya,2021,8,Monsoon,23.0,599.8,90.9,16,0
Meghalaya,2021,9,Monsoon,19.3,614.8,91.4,18,0
Meghalaya,2021,10,Post,13.4,175.6,92.6,22,0
Meghalaya,2021,11,Post,17.9,151.5,83.1,19,0
Meghalaya,2021,12,Winter,12.1,50.0,72.0,10,0
Meghalaya,2022,1,Winter,10.6,41.6,63.6,0,0
Meghalaya,2022,2,Winter,10.6,35.0,66.3,0,0
Meghalaya,2022,3,Summer,26.2,253.3,91.6,0,0
Meghalaya,2022,4,Summer,19.6,140.4,82.5,0,0
Meghalaya,2022,5,Summer,24.5,184.2,87.3,1,0
Meghalaya,2022,6,Monsoon,19.2,587.1,97.0,1,0
Meghalaya,2022,7,Monsoon,20.5,737.6,87.1,2,0
Meghalaya,2022,8,Monsoon,20.0,566.8,94.3,3,0
Meghalaya,2022,9,Monsoon,22.1,600.1,95.9,4,0
Meghalaya,2022,10,Post,14.4,125.8,73.5,4,0
Meghalaya,2022,11,Post,16.1,153.3,81.1,3,0
Meghalaya,2022,12,Winter,10.8,46.1,75.3,2,0
Meghalaya,2023,1,Winter,8.0,37.7,76.0,2,0
Meghalaya,2023,2,Winter,11.8,40.2,62.7,2,0
Meghalaya,2023,3,Summer,25.8,162.1,77.8,2,0
Meghalaya,2023,4,Summer,23.5,166.7,78.8,3,0
Meghalaya,2023,5,Summer,21.5,229.8,84.1,5,0
Meghalaya,2023,6,Monsoon,18.5,419.0,86.2,6,0
Meghalaya,2023,7,Monsoon,16.0,595.8,87.9,12,0
Meghalaya,2023,8,Monsoon,15.8,554.7,95.6,18,0
Meghalaya,2023,9,Monsoon,18.8,666.1,94.2,22,0
Meghalaya,2023,10,Post,14.3,116.0,88.1,20,0
Meghalaya,2023,11,Post,16.3,216.4,80.2,16,0
Meghalaya,2023,12,Winter,8.5,39.0,71.7,9,0
Maharashtra,2019,1,Winter,23.5,5.6,51.3,340,0
Maharashtra,2019,2,Winter,22.7,5.4,48.4,326,0
Maharashtra,2019,3,Summer,33.7,11.6,44.7,244,0
Maharashtra,2019,4,Summer,36.1,9.6,54.0,509,1
Maharashtra,2019,5,Summer,33.8,9.2,45.9,522,1
Maharashtra,2019,6,Monsoon,30.5,254.6,92.0,1087,1
Maharashtra,2019,7,Monsoon,30.6,242.4,85.7,1255,1
Maharashtra,2019,8,Monsoon,29.7,273.7,87.7,2251,1
Maharashtra,2019,9,Monsoon,29.7,234.2,80.1,2440,1
Maharashtra,2019,10,Post,28.7,40.6,65.9,2824,1
Maharashtra,2019,11,Post,26.2,33.3,64.3,2151,1
Maharashtra,2019,12,Winter,22.6,4.0,50.5,959,1
Maharashtra,2020,1,Winter,22.8,5.0,44.8,62,0
Maharashtra,2020,2,Winter,19.4,2.3,56.7,77,0
Maharashtra,2020,3,Summer,42.5,14.6,44.1,71,0
Maharashtra,2020,4,Summer,35.8,6.9,53.7,97,0
Maharashtra,2020,5,Summer,34.8,11.2,47.5,129,0
Maharashtra,2020,6,Monsoon,30.1,167.2,81.6,258,0
Maharashtra,2020,7,Monsoon,24.0,257.3,87.0,314,1
Maharashtra,2020,8,Monsoon,27.8,179.5,81.0,375,1
Maharashtra,2020,9,Monsoon,26.6,276.1,84.6,554,1
Maharashtra,2020,10,Post,28.3,40.3,59.8,567,1
Maharashtra,2020,11,Post,30.9,28.2,62.1,355,1
Maharashtra,2020,12,Winter,22.7,4.9,49.7,300,0
Maharashtra,2021,1,Winter,20.6,3.0,52.5,291,0
Maharashtra,2021,2,Winter,26.1,4.8,59.5,304,0
Maharashtra,2021,3,Summer,36.6,10.0,40.9,258,0
Maharashtra,2021,4,Summer,37.6,10.6,42.2,358,1
Maharashtra,2021,5,Summer,37.3,8.9,50.0,407,1
Maharashtra,2021,6,Monsoon,27.0,196.8,79.1,795,1
Maharashtra,2021,7,Monsoon,24.5,273.6,73.8,1463,1
Maharashtra,2021,8,Monsoon,25.5,249.2,87.6,1659,1
Maharashtra,2021,9,Monsoon,27.7,233.7,77.8,1872,1
Maharashtra,2021,10,Post,25.7,36.9,66.4,2413,1
Maharashtra,2021,11,Post,28.4,50.4,67.9,1434,1
Maharashtra,2021,12,Winter,21.2,6.6,52.3,1194,1
Maharashtra,2022,1,Winter,21.7,5.2,47.0,163,0
Maharashtra,2022,2,Winter,20.0,5.9,40.8,148,0
Maharashtra,2022,3,Summer,34.2,11.0,45.2,191,0
Maharashtra,2022,4,Summer,32.1,11.6,51.5,221,0
Maharashtra,2022,5,Summer,34.3,10.2,38.7,279,1
Maharashtra,2022,6,Monsoon,24.4,243.3,85.1,490,1
Maharashtra,2022,7,Monsoon,27.2,190.8,81.0,1022,1
Maharashtra,2022,8,Monsoon,28.5,315.7,80.2,1125,1
Maharashtra,2022,9,Monsoon,25.6,274.4,88.9,1206,1
Maharashtra,2022,10,Post,29.0,30.0,59.5,1627,1
Maharashtra,2022,11,Post,26.1,36.8,71.2,1062,1
Maharashtra,2022,12,Winter,22.8,4.7,50.3,614,1
Maharashtra,2023,1,Winter,24.0,3.6,60.0,359,1
Maharashtra,2023,2,Winter,23.7,4.5,54.7,375,1
Maharashtra,2023,3,Summer,35.0,11.0,51.5,308,1
Maharashtra,2023,4,Summer,33.8,7.8,50.7,469,1
Maharashtra,2023,5,Summer,33.2,11.2,41.4,653,1
Maharashtra,2023,6,Monsoon,27.6,223.2,81.7,1551,1
Maharashtra,2023,7,Monsoon,28.0,239.2,81.1,2227,1
Maharashtra,2023,8,Monsoon,26.5,283.1,79.0,2714,1
Maharashtra,2023,9,Monsoon,28.3,299.8,76.0,2803,1
Maharashtra,2023,10,Post,28.3,38.0,68.0,3250,1
Maharashtra,2023,11,Post,26.5,49.5,69.8,2028,1
Maharashtra,2023,12,Winter,22.5,4.8,43.7,1356,1
Manipur,2019,1,Winter,12.6,20.7,52.8,8,0
Manipur,2019,2,Winter,10.2,17.7,47.5,6,0
Manipur,2019,3,Summer,26.3,93.6,75.5,6,0
Manipur,2019,4,Summer,27.2,98.4,70.9,10,0
Manipur,2019,5,Summer,28.8,91.4,74.1,13,0
Manipur,2019,6,Monsoon,24.8,243.8,85.2,26,0
Manipur,2019,7,Monsoon,27.2,233.9,94.6,31,0
Manipur,2019,8,Monsoon,21.2,264.9,96.1,44,0
Manipur,2019,9,Monsoon,26.0,207.8,80.5,72,0
Manipur,2019,10,Post,19.8,49.4,62.1,74,0
Manipur,2019,11,Post,23.7,62.7,73.3,39,0
Manipur,2019,12,Winter,8.8,23.0,56.1,32,0
Manipur,2020,1,Winter,9.6,20.7,65.4,0,0
Manipur,2020,2,Winter,15.1,12.6,66.3,0,0
Manipur,2020,3,Summer,25.3,67.6,73.9,0,0
Manipur,2020,4,Summer,28.5,98.6,71.6,1,0
Manipur,2020,5,Summer,27.1,86.9,70.6,1,0
Manipur,2020,6,Monsoon,21.4,265.7,97.2,2,0
Manipur,2020,7,Monsoon,22.8,219.4,87.5,3,0
Manipur,2020,8,Monsoon,23.5,270.5,92.4,5,0
Manipur,2020,9,Monsoon,24.1,288.4,85.0,5,0
Manipur,2020,10,Post,20.7,89.8,81.3,6,0
Manipur,2020,11,Post,19.2,46.8,76.7,5,0
Manipur,2020,12,Winter,12.2,20.3,62.6,3,0
Manipur,2021,1,Winter,13.1,15.8,68.8,4,0
Manipur,2021,2,Winter,15.3,11.8,63.8,4,0
Manipur,2021,3,Summer,27.1,71.2,81.6,3,0
Manipur,2021,4,Summer,24.5,87.1,63.5,5,0
Manipur,2021,5,Summer,21.9,80.5,61.6,9,0
Manipur,2021,6,Monsoon,23.4,251.5,86.6,15,0
Manipur,2021,7,Monsoon,22.3,248.4,88.1,21,0
Manipur,2021,8,Monsoon,24.9,245.0,80.0,27,0
Manipur,2021,9,Monsoon,23.0,281.7,88.1,38,0
Manipur,2021,10,Post,17.2,61.4,71.6,30,0
Manipur,2021,11,Post,19.8,53.1,72.6,25,0
Manipur,2021,12,Winter,13.4,19.8,59.2,16,0
Manipur,2022,1,Winter,8.3,23.1,58.6,9,0
Manipur,2022,2,Winter,11.4,20.9,60.4,11,0
Manipur,2022,3,Summer,29.2,92.8,76.3,9,0
Manipur,2022,4,Summer,23.2,105.9,71.4,13,0
Manipur,2022,5,Summer,27.0,76.5,71.9,23,0
Manipur,2022,6,Monsoon,22.6,296.3,99.0,31,0
Manipur,2022,7,Monsoon,25.9,229.2,91.5,42,0
Manipur,2022,8,Monsoon,29.6,318.5,79.8,58,0
Manipur,2022,9,Monsoon,24.9,259.7,82.9,88,0
Manipur,2022,10,Post,20.4,54.0,82.1,104,0
Manipur,2022,11,Post,21.5,63.4,70.2,60,0
Manipur,2022,12,Winter,12.6,23.1,67.6,37,0
Manipur,2023,1,Winter,13.1,17.2,54.3,53,0
Manipur,2023,2,Winter,11.7,19.6,60.8,50,0
Manipur,2023,3,Summer,25.2,75.1,75.2,49,0
Manipur,2023,4,Summer,24.6,74.2,72.2,62,0
Manipur,2023,5,Summer,28.6,76.4,76.3,97,0
Manipur,2023,6,Monsoon,24.2,241.0,88.8,209,0
Manipur,2023,7,Monsoon,21.8,321.0,87.4,237,0
Manipur,2023,8,Monsoon,24.4,300.9,91.9,417,1
Manipur,2023,9,Monsoon,25.2,220.5,87.3,413,1
Manipur,2023,10,Post,20.1,48.2,69.6,547,1
Manipur,2023,11,Post,22.7,70.6,74.7,371,1
Manipur,2023,12,Winter,12.5,24.2,61.1,177,0
Mizoram,2019,1,Winter,14.3,21.1,72.8,0,0
Mizoram,2019,2,Winter,8.9,20.8,68.7,0,0
Mizoram,2019,3,Summer,23.5,62.2,72.7,0,0
Mizoram,2019,4,Summer,21.9,102.4,71.8,1,0
Mizoram,2019,5,Summer,24.6,78.1,70.6,1,0
Mizoram,2019,6,Monsoon,25.6,308.2,74.9,2,0
Mizoram,2019,7,Monsoon,24.1,376.3,87.4,5,0
Mizoram,2019,8,Monsoon,21.2,304.0,74.4,6,0
Mizoram,2019,9,Monsoon,23.2,398.3,89.9,7,0
Mizoram,2019,10,Post,18.6,42.3,73.4,8,0
Mizoram,2019,11,Post,17.0,83.9,75.7,4,0
Mizoram,2019,12,Winter,14.3,14.0,71.6,3,0
Mizoram,2020,1,Winter,13.1,22.6,61.8,1,0
Mizoram,2020,2,Winter,12.2,15.7,65.6,1,0
Mizoram,2020,3,Summer,23.1,115.9,73.5,1,0
Mizoram,2020,4,Summer,23.5,96.9,82.5,1,0
Mizoram,2020,5,Summer,23.0,80.7,74.1,3,0
Mizoram,2020,6,Monsoon,23.0,220.2,87.7,5,0
Mizoram,2020,7,Monsoon,25.6,279.4,89.4,6,0
Mizoram,2020,8,Monsoon,21.0,294.1,82.5,9,0
Mizoram,2020,9,Monsoon,21.2,296.2,90.0,11,0
Mizoram,2020,10,Post,18.5,52.7,89.2,11,0
Mizoram,2020,11,Post,20.2,54.9,61.0,7,0
Mizoram,2020,12,Winter,13.1,16.8,68.0,4,0
Mizoram,2021,1,Winter,12.2,21.9,67.5,1,0
Mizoram,2021,2,Winter,6.3,22.1,63.7,1,0
Mizoram,2021,3,Summer,25.6,62.8,75.2,1,0
Mizoram,2021,4,Summer,25.1,93.2,66.8,2,0
Mizoram,2021,5,Summer,24.6,63.9,63.0,2,0
Mizoram,2021,6,Monsoon,23.7,450.7,87.8,5,0
Mizoram,2021,7,Monsoon,25.7,325.2,89.4,8,0
Mizoram,2021,8,Monsoon,22.0,377.2,85.0,10,0
Mizoram,2021,9,Monsoon,18.9,229.2,95.2,14,0
Mizoram,2021,10,Post,17.3,85.7,82.8,13,0
Mizoram,2021,11,Post,16.8,91.2,76.1,9,0
Mizoram,2021,12,Winter,8.9,10.5,68.0,7,0
Mizoram,2022,1,Winter,14.2,26.1,66.0,42,0
Mizoram,2022,2,Winter,9.8,33.2,68.1,35,0
Mizoram,2022,3,Summer,23.8,82.2,80.0,33,0
Mizoram,2022,4,Summer,23.4,85.0,68.8,64,0
Mizoram,2022,5,Summer,23.9,109.9,76.5,80,0
Mizoram,2022,6,Monsoon,18.0,356.4,83.5,107,0
Mizoram,2022,7,Monsoon,21.7,268.6,81.2,186,0
Mizoram,2022,8,Monsoon,19.8,239.6,85.1,241,0
Mizoram,2022,9,Monsoon,21.9,321.8,98.5,378,1
Mizoram,2022,10,Post,15.0,92.5,70.4,365,1
Mizoram,2022,11,Post,16.4,83.3,73.7,252,0
Mizoram,2022,12,Winter,12.4,20.9,68.4,169,0
Mizoram,2023,1,Winter,9.0,24.0,71.0,41,0
Mizoram,2023,2,Winter,8.9,23.1,61.6,36,0
Mizoram,2023,3,Summer,23.2,72.7,70.1,39,0
Mizoram,2023,4,Summer,25.4,105.9,74.7,73,0
Mizoram,2023,5,Summer,22.7,114.6,74.0,74,0
Mizoram,2023,6,Monsoon,21.1,392.0,88.2,164,0
Mizoram,2023,7,Monsoon,21.2,360.4,82.4,169,0
Mizoram,2023,8,Monsoon,24.3,196.7,83.4,310,0
Mizoram,2023,9,Monsoon,20.5,362.2,85.0,342,1
Mizoram,2023,10,Post,19.8,94.9,81.5,443,1
Mizoram,2023,11,Post,19.4,61.5,79.8,230,0
Mizoram,2023,12,Winter,12.4,27.1,72.8,149,0
Nagaland,2019,1,Winter,5.9,20.6,67.7,0,0
Nagaland,2019,2,Winter,10.4,23.4,74.4,0,0
Nagaland,2019,3,Summer,23.9,61.5,68.3,0,0
Nagaland,2019,4,Summer,22.9,69.2,68.8,0,0
Nagaland,2019,5,Summer,24.8,102.9,74.1,0,0
Nagaland,2019,6,Monsoon,21.4,247.9,88.4,0,0
Nagaland,2019,7,Monsoon,22.6,334.6,84.0,0,0
Nagaland,2019,8,Monsoon,26.2,275.2,85.4,0,0
Nagaland,2019,9,Monsoon,18.5,240.5,81.5,1,0
Nagaland,2019,10,Post,18.3,63.0,77.2,1,0
Nagaland,2019,11,Post,13.3,98.6,76.5,1,0
Nagaland,2019,12,Winter,8.4,23.9,68.5,0,0
Nagaland,2020,1,Winter,8.8,20.2,59.6,0,0
Nagaland,2020,2,Winter,7.1,26.9,64.8,0,0
Nagaland,2020,3,Summer,24.6,80.4,77.2,0,0
Nagaland,2020,4,Summer,21.3,95.8,72.2,0,0
Nagaland,2020,5,Summer,26.2,107.0,75.4,0,0
Nagaland,2020,6,Monsoon,24.1,289.0,82.6,0,0
Nagaland,2020,7,Monsoon,21.7,315.7,86.4,0,0
Nagaland,2020,8,Monsoon,21.2,249.9,96.2,0,0
Nagaland,2020,9,Monsoon,19.9,135.1,88.0,0,0
Nagaland,2020,10,Post,19.2,59.5,75.2,0,0
Nagaland,2020,11,Post,17.3,38.9,81.8,0,0
Nagaland,2020,12,Winter,7.8,17.6,67.6,0,0
Nagaland,2021,1,Winter,10.7,18.3,63.5,0,0
Nagaland,2021,2,Winter,9.0,21.4,67.8,0,0
Nagaland,2021,3,Summer,24.5,79.9,70.2,0,0
Nagaland,2021,4,Summer,25.4,95.6,65.1,0,0
Nagaland,2021,5,Summer,25.1,102.2,63.3,0,0
Nagaland,2021,6,Monsoon,20.5,280.8,85.4,1,0
Nagaland,2021,7,Monsoon,21.0,243.1,92.7,1,0
Nagaland,2021,8,Monsoon,22.6,275.2,84.0,3,0
Nagaland,2021,9,Monsoon,19.7,198.0,79.2,3,0
Nagaland,2021,10,Post,19.3,80.5,82.0,4,0
Nagaland,2021,11,Post,19.7,86.3,72.1,2,0
Nagaland,2021,12,Winter,7.7,23.7,59.0,2,0
Nagaland,2022,1,Winter,10.2,23.7,64.6,3,0
Nagaland,2022,2,Winter,12.6,25.1,67.9,3,0
Nagaland,2022,3,Summer,23.1,103.6,66.0,3,0
Nagaland,2022,4,Summer,26.1,91.4,70.7,4,0
Nagaland,2022,5,Summer,22.3,100.0,72.8,7,0
Nagaland,2022,6,Monsoon,18.8,245.1,85.1,11,0
Nagaland,2022,7,Monsoon,23.8,270.1,89.0,13,0
Nagaland,2022,8,Monsoon,20.1,295.5,82.6,22,0
Nagaland,2022,9,Monsoon,20.4,328.1,76.2,31,0
Nagaland,2022,10,Post,15.6,55.6,69.8,26,0
Nagaland,2022,11,Post,14.8,75.8,73.9,23,0
Nagaland,2022,12,Winter,10.8,23.3,59.3,14,0
Nagaland,2023,1,Winter,11.3,21.7,57.1,86,0
Nagaland,2023,2,Winter,12.1,19.5,61.6,84,0
Nagaland,2023,3,Summer,23.6,73.6,70.9,84,0
Nagaland,2023,4,Summer,24.7,69.4,75.7,124,0
Nagaland,2023,5,Summer,23.0,109.3,75.5,211,0
Nagaland,2023,6,Monsoon,26.2,325.8,94.3,313,1
Nagaland,2023,7,Monsoon,21.9,240.2,87.8,560,1
Nagaland,2023,8,Monsoon,23.9,328.9,93.0,824,1
Nagaland,2023,9,Monsoon,23.5,235.6,88.1,978,1
Nagaland,2023,10,Post,17.4,91.3,68.2,864,1
Nagaland,2023,11,Post,14.4,61.6,76.9,579,1
Nagaland,2023,12,Winter,11.2,21.4,61.8,460,1
Odisha,2019,1,Winter,22.8,11.7,59.4,60,0
Odisha,2019,2,Winter,18.1,12.9,47.9,64,0
Odisha,2019,3,Summer,34.9,22.6,49.6,78,0
Odisha,2019,4,Summer,39.4,19.0,57.2,127,0
Odisha,2019,5,Summer,37.7,15.1,62.3,128,0
Odisha,2019,6,Monsoon,30.0,251.6,79.8,220,0
Odisha,2019,7,Monsoon,31.6,247.3,80.3,352,1
Odisha,2019,8,Monsoon,29.6,281.6,84.5,508,1
Odisha,2019,9,Monsoon,28.9,326.6,85.0,748,1
Odisha,2019,10,Post,26.0,62.3,67.9,661,1
Odisha,2019,11,Post,30.0,59.2,65.7,515,1
Odisha,2019,12,Winter,17.8,9.6,51.9,304,0
Odisha,2020,1,Winter,20.0,10.3,53.6,11,0
Odisha,2020,2,Winter,22.6,11.9,56.1,9,0
Odisha,2020,3,Summer,39.3,25.2,49.5,8,0
Odisha,2020,4,Summer,35.5,17.1,51.7,16,0
Odisha,2020,5,Summer,36.1,11.9,62.2,17,0
Odisha,2020,6,Monsoon,29.0,214.4,95.4,34,0
Odisha,2020,7,Monsoon,30.0,274.1,81.7,54,0
Odisha,2020,8,Monsoon,33.5,317.6,81.1,71,0
Odisha,2020,9,Monsoon,28.7,239.0,89.5,81,0
Odisha,2020,10,Post,28.9,56.0,66.0,95,0
Odisha,2020,11,Post,26.6,20.9,70.6,60,0
Odisha,2020,12,Winter,17.6,10.0,55.9,39,0
Odisha,2021,1,Winter,21.6,10.3,53.9,164,0
Odisha,2021,2,Winter,22.8,9.5,68.2,132,0
Odisha,2021,3,Summer,32.8,19.1,53.8,178,0
Odisha,2021,4,Summer,37.3,28.9,57.8,230,0
Odisha,2021,5,Summer,35.4,16.2,56.2,295,1
Odisha,2021,6,Monsoon,28.4,241.3,87.4,457,1
Odisha,2021,7,Monsoon,31.4,271.2,80.8,760,1
Odisha,2021,8,Monsoon,33.3,210.8,88.8,1092,1
Odisha,2021,9,Monsoon,31.0,220.9,88.1,1425,1
Odisha,2021,10,Post,26.1,60.3,75.8,1571,1
Odisha,2021,11,Post,27.5,44.2,75.4,1053,1
Odisha,2021,12,Winter,18.6,8.7,51.3,551,1
Odisha,2022,1,Winter,17.1,9.0,54.6,132,0
Odisha,2022,2,Winter,20.5,9.4,56.4,122,0
Odisha,2022,3,Summer,37.0,25.1,55.6,130,0
Odisha,2022,4,Summer,35.1,25.1,51.9,238,0
Odisha,2022,5,Summer,37.2,19.5,62.0,280,0
Odisha,2022,6,Monsoon,29.0,307.4,86.7,435,1
Odisha,2022,7,Monsoon,30.8,300.0,84.4,579,1
Odisha,2022,8,Monsoon,29.9,287.1,78.1,1018,1
Odisha,2022,9,Monsoon,31.4,286.3,89.0,966,1
Odisha,2022,10,Post,29.0,29.7,78.6,1270,1
Odisha,2022,11,Post,28.4,45.1,76.0,912,1
Odisha,2022,12,Winter,20.0,10.8,50.2,490,1
Odisha,2023,1,Winter,20.6,11.9,51.0,269,0
Odisha,2023,2,Winter,20.1,11.5,51.9,289,0
Odisha,2023,3,Summer,36.0,21.7,63.0,219,0
Odisha,2023,4,Summer,35.4,28.0,65.1,322,1
Odisha,2023,5,Summer,38.2,19.0,53.8,590,1
Odisha,2023,6,Monsoon,29.2,301.9,80.7,755,1
Odisha,2023,7,Monsoon,27.0,351.7,80.7,1356,1
Odisha,2023,8,Monsoon,31.4,323.7,79.2,2067,1
Odisha,2023,9,Monsoon,28.0,294.0,78.1,2358,1
Odisha,2023,10,Post,27.5,46.0,69.3,2317,1
Odisha,2023,11,Post,29.3,50.2,56.4,1902,1
Odisha,2023,12,Winter,21.6,3.4,50.9,1023,1
Punjab,2019,1,Winter,13.6,12.7,53.5,205,0
Punjab,2019,2,Winter,11.0,8.4,64.1,229,0
Punjab,2019,3,Summer,33.8,14.5,36.7,242,0
Punjab,2019,4,Summer,37.2,12.3,35.4,303,1
Punjab,2019,5,Summer,39.0,9.2,27.7,402,1
Punjab,2019,6,Monsoon,34.5,127.4,73.9,650,1
Punjab,2019,7,Monsoon,32.5,88.5,68.3,1115,1
Punjab,2019,8,Monsoon,34.3,128.5,70.3,1599,1
Punjab,2019,9,Monsoon,34.5,80.2,75.3,1435,1
Punjab,2019,10,Post,25.4,16.7,56.1,2129,1
Punjab,2019,11,Post,29.6,14.9,57.1,1137,1
Punjab,2019,12,Winter,12.4,11.9,55.4,685,1
Punjab,2020,1,Winter,12.9,12.6,62.4,153,0
Punjab,2020,2,Winter,14.6,14.4,68.4,201,0
Punjab,2020,3,Summer,39.7,11.4,40.9,169,0
Punjab,2020,4,Summer,39.2,12.6,35.7,231,0
Punjab,2020,5,Summer,40.7,13.0,34.0,272,1
Punjab,2020,6,Monsoon,33.2,124.8,67.6,692,1
Punjab,2020,7,Monsoon,35.3,143.8,61.1,711,1
Punjab,2020,8,Monsoon,31.9,137.7,74.0,1024,1
Punjab,2020,9,Monsoon,27.8,196.3,74.7,1479,1
Punjab,2020,10,Post,27.3,15.7,54.3,1252,1
Punjab,2020,11,Post,28.7,21.4,54.7,945,1
Punjab,2020,12,Winter,12.7,9.5,57.9,640,1
Punjab,2021,1,Winter,12.8,8.0,63.0,384,1
Punjab,2021,2,Winter,12.9,10.7,62.8,530,1
Punjab,2021,3,Summer,44.2,19.1,31.8,411,1
Punjab,2021,4,Summer,38.5,17.6,29.6,620,1
Punjab,2021,5,Summer,36.6,17.9,43.0,1041,1
Punjab,2021,6,Monsoon,35.7,134.5,74.0,1411,1
Punjab,2021,7,Monsoon,34.3,117.7,68.1,2731,1
Punjab,2021,8,Monsoon,36.2,112.0,73.3,3861,1
Punjab,2021,9,Monsoon,31.4,98.3,69.2,3970,1
Punjab,2021,10,Post,26.8,17.1,49.2,3958,1
Punjab,2021,11,Post,28.3,20.2,52.0,2886,1
Punjab,2021,12,Winter,11.0,12.9,59.8,2026,1
Punjab,2022,1,Winter,12.0,9.2,63.3,187,0
Punjab,2022,2,Winter,11.4,15.2,52.7,256,0
Punjab,2022,3,Summer,35.5,15.6,43.3,233,0
Punjab,2022,4,Summer,37.2,17.7,39.8,383,1
Punjab,2022,5,Summer,41.3,15.9,40.9,382,1
Punjab,2022,6,Monsoon,35.8,147.0,76.4,644,1
Punjab,2022,7,Monsoon,30.4,126.3,77.5,1155,1
Punjab,2022,8,Monsoon,28.6,155.2,74.4,1368,1
Punjab,2022,9,Monsoon,33.0,162.0,76.9,1762,1
Punjab,2022,10,Post,24.2,25.9,60.0,2106,1
Punjab,2022,11,Post,25.5,13.2,52.1,1621,1
Punjab,2022,12,Winter,13.9,15.7,63.8,957,1
Punjab,2023,1,Winter,13.7,8.7,61.0,324,0
Punjab,2023,2,Winter,15.1,9.3,61.2,261,0
Punjab,2023,3,Summer,37.8,15.9,34.7,298,0
Punjab,2023,4,Summer,37.5,18.1,34.6,401,1
Punjab,2023,5,Summer,41.1,14.8,33.0,520,1
Punjab,2023,6,Monsoon,28.8,141.4,60.8,1076,1
Punjab,2023,7,Monsoon,33.8,72.3,66.0,1246,1
Punjab,2023,8,Monsoon,34.8,133.8,73.4,1975,1
Punjab,2023,9,Monsoon,32.6,131.8,73.0,2369,1
Punjab,2023,10,Post,31.8,15.6,52.9,2161,1
Punjab,2023,11,Post,26.8,20.0,50.7,1450,1
Punjab,2023,12,Winter,12.9,12.8,70.9,1098,1
Rajasthan,2019,1,Winter,19.6,4.2,37.9,269,0
Rajasthan,2019,2,Winter,17.1,4.0,35.8,290,0
Rajasthan,2019,3,Summer,44.1,5.5,21.3,249,0
Rajasthan,2019,4,Summer,41.7,5.1,26.4,445,1
Rajasthan,2019,5,Summer,42.0,4.8,25.4,640,1
Rajasthan,2019,6,Monsoon,34.0,80.7,62.5,943,1
Rajasthan,2019,7,Monsoon,35.3,86.4,59.7,1228,1
Rajasthan,2019,8,Monsoon,33.5,40.5,51.6,1981,1
Rajasthan,2019,9,Monsoon,32.9,73.0,66.4,2482,1
Rajasthan,2019,10,Post,30.0,11.0,39.1,2873,1
Rajasthan,2019,11,Post,31.5,11.1,43.6,1445,1
Rajasthan,2019,12,Winter,22.8,4.7,31.9,1152,1
Rajasthan,2020,1,Winter,21.2,5.4,42.5,33,0
Rajasthan,2020,2,Winter,14.6,6.5,37.4,43,0
Rajasthan,2020,3,Summer,37.9,5.0,30.6,43,0
Rajasthan,2020,4,Summer,41.6,4.8,26.4,69,0
Rajasthan,2020,5,Summer,39.6,3.9,28.5,66,0
Rajasthan,2020,6,Monsoon,35.0,95.0,58.1,135,0
Rajasthan,2020,7,Monsoon,34.3,58.5,63.7,223,0
Rajasthan,2020,8,Monsoon,34.6,84.9,60.0,279,0
Rajasthan,2020,9,Monsoon,32.6,76.5,63.0,374,1
Rajasthan,2020,10,Post,26.9,13.1,40.4,373,1
Rajasthan,2020,11,Post,28.0,10.3,40.4,238,0
Rajasthan,2020,12,Winter,15.9,5.1,37.9,164,0
Rajasthan,2021,1,Winter,18.0,5.5,40.4,471,1
Rajasthan,2021,2,Winter,16.6,5.6,38.6,363,1
Rajasthan,2021,3,Summer,39.2,6.7,24.4,376,1
Rajasthan,2021,4,Summer,41.3,5.3,25.6,564,1
Rajasthan,2021,5,Summer,40.5,5.1,30.1,878,1
Rajasthan,2021,6,Monsoon,36.0,80.5,64.0,1229,1
Rajasthan,2021,7,Monsoon,32.9,81.3,57.6,2176,1
Rajasthan,2021,8,Monsoon,40.1,90.3,59.9,2769,1
Rajasthan,2021,9,Monsoon,38.3,70.6,52.1,3401,1
Rajasthan,2021,10,Post,31.6,9.3,35.3,3026,1
Rajasthan,2021,11,Post,31.4,8.6,38.6,2249,1
Rajasthan,2021,12,Winter,18.0,5.6,43.3,1935,1
Rajasthan,2022,1,Winter,18.9,5.8,42.0,270,0
Rajasthan,2022,2,Winter,18.9,5.6,37.7,294,0
Rajasthan,2022,3,Summer,40.6,4.3,22.1,223,0
Rajasthan,2022,4,Summer,43.1,4.6,30.3,460,1
Rajasthan,2022,5,Summer,43.8,5.1,24.4,576,1
Rajasthan,2022,6,Monsoon,34.6,78.4,64.9,984,1
Rajasthan,2022,7,Monsoon,36.0,71.5,55.7,1381,1
Rajasthan,2022,8,Monsoon,35.0,61.3,60.0,1844,1
Rajasthan,2022,9,Monsoon,35.5,46.8,59.5,2532,1
Rajasthan,2022,10,Post,30.0,8.2,47.0,1994,1
Rajasthan,2022,11,Post,28.5,7.7,41.5,1511,1
Rajasthan,2022,12,Winter,15.5,6.4,35.0,1105,1
Rajasthan,2023,1,Winter,15.4,3.1,39.4,231,0
Rajasthan,2023,2,Winter,18.0,5.5,41.1,252,0
Rajasthan,2023,3,Summer,44.1,3.0,23.2,297,0
Rajasthan,2023,4,Summer,42.4,4.2,20.0,342,1
Rajasthan,2023,5,Summer,43.1,4.4,20.0,531,1
Rajasthan,2023,6,Monsoon,34.1,87.0,63.1,885,1
Rajasthan,2023,7,Monsoon,34.3,71.8,60.7,1411,1
Rajasthan,2023,8,Monsoon,36.5,52.7,66.1,2188,1
Rajasthan,2023,9,Monsoon,32.9,81.0,60.5,2780,1
Rajasthan,2023,10,Post,27.8,11.5,38.0,2771,1
Rajasthan,2023,11,Post,30.6,9.0,37.4,1811,1
Rajasthan,2023,12,Winter,15.6,4.4,41.7,1072,1
Sikkim,2019,1,Winter,10.9,23.6,59.9,9,0
Sikkim,2019,2,Winter,5.8,33.2,71.2,9,0
Sikkim,2019,3,Summer,15.9,94.9,79.5,9,0
Sikkim,2019,4,Summer,22.1,113.5,76.7,13,0
Sikkim,2019,5,Summer,17.8,83.2,81.8,17,0
Sikkim,2019,6,Monsoon,17.3,282.0,90.6,29,0
Sikkim,2019,7,Monsoon,17.6,325.4,83.2,39,0
Sikkim,2019,8,Monsoon,14.9,208.4,85.5,57,0
Sikkim,2019,9,Monsoon,15.2,255.7,79.9,70,0
Sikkim,2019,10,Post,16.0,87.4,76.4,88,0
Sikkim,2019,11,Post,14.4,66.9,80.5,51,0
Sikkim,2019,12,Winter,3.9,32.2,66.8,32,0
Sikkim,2020,1,Winter,7.6,45.5,56.0,0,0
Sikkim,2020,2,Winter,6.4,36.7,56.5,0,0
Sikkim,2020,3,Summer,15.1,74.7,74.1,0,0
Sikkim,2020,4,Summer,18.2,113.5,72.6,0,0
Sikkim,2020,5,Summer,21.2,108.3,71.9,0,0
Sikkim,2020,6,Monsoon,18.7,335.9,79.4,0,0
Sikkim,2020,7,Monsoon,13.0,244.9,94.6,1,0
Sikkim,2020,8,Monsoon,15.7,420.8,90.8,1,0
Sikkim,2020,9,Monsoon,15.6,281.2,92.3,2,0
Sikkim,2020,10,Post,13.1,66.9,74.2,1,0
Sikkim,2020,11,Post,10.5,64.3,73.6,1,0
Sikkim,2020,12,Winter,7.5,28.4,58.7,0,0
Sikkim,2021,1,Winter,2.0,28.7,61.0,4,0
Sikkim,2021,2,Winter,6.1,33.9,62.5,3,0
Sikkim,2021,3,Summer,20.2,104.2,79.0,5,0
Sikkim,2021,4,Summer,18.0,67.8,74.5,7,0
Sikkim,2021,5,Summer,16.9,94.9,79.3,11,0
Sikkim,2021,6,Monsoon,18.4,239.7,83.1,14,0
Sikkim,2021,7,Monsoon,15.0,251.9,86.3,20,0
Sikkim,2021,8,Monsoon,17.5,320.2,92.6,29,0
Sikkim,2021,9,Monsoon,12.6,266.3,86.4,49,0
Sikkim,2021,10,Post,15.3,77.5,72.6,43,0
Sikkim,2021,11,Post,8.0,80.5,78.1,37,0
Sikkim,2021,12,Winter,5.8,32.4,63.8,19,0
Sikkim,2022,1,Winter,3.9,35.4,53.8,5,0
Sikkim,2022,2,Winter,3.2,26.2,60.5,5,0
Sikkim,2022,3,Summer,17.6,70.1,84.8,5,0
Sikkim,2022,4,Summer,17.4,63.2,73.9,7,0
Sikkim,2022,5,Summer,15.8,98.6,80.2,10,0
Sikkim,2022,6,Monsoon,17.5,326.8,88.1,21,0
Sikkim,2022,7,Monsoon,17.2,266.6,85.1,28,0
Sikkim,2022,8,Monsoon,14.8,341.2,87.2,30,0
Sikkim,2022,9,Monsoon,17.7,301.4,94.8,38,0
Sikkim,2022,10,Post,9.0,74.3,68.5,46,0
Sikkim,2022,11,Post,10.6,82.6,75.5,27,0
Sikkim,2022,12,Winter,5.3,36.6,54.6,19,0
Sikkim,2023,1,Winter,5.5,34.4,52.5,5,0
Sikkim,2023,2,Winter,5.6,31.8,55.7,7,0
Sikkim,2023,3,Summer,16.3,100.1,70.3,7,0
Sikkim,2023,4,Summer,20.3,73.3,76.6,8,0
Sikkim,2023,5,Summer,16.5,117.5,74.5,11,0
Sikkim,2023,6,Monsoon,17.3,341.0,87.7,25,0
Sikkim,2023,7,Monsoon,14.9,229.3,88.2,30,0
Sikkim,2023,8,Monsoon,13.6,289.8,76.0,50,0
Sikkim,2023,9,Monsoon,14.5,193.6,84.6,43,0
Sikkim,2023,10,Post,10.8,59.0,79.0,45,0
Sikkim,2023,11,Post,13.4,70.2,74.7,39,0
Sikkim,2023,12,Winter,7.4,25.8,57.2,21,0
Tamil Nadu,2019,1,Winter,27.5,76.4,65.3,200,0
Tamil Nadu,2019,2,Winter,29.5,112.0,77.7,139,0
Tamil Nadu,2019,3,Summer,39.4,15.6,64.9,158,0
Tamil Nadu,2019,4,Summer,38.8,19.4,55.7,217,0
Tamil Nadu,2019,5,Summer,35.9,22.6,65.5,340,1
Tamil Nadu,2019,6,Monsoon,26.5,143.0,75.1,684,1
Tamil Nadu,2019,7,Monsoon,27.3,123.0,85.6,728,1
Tamil Nadu,2019,8,Monsoon,28.8,129.9,76.5,964,1
Tamil Nadu,2019,9,Monsoon,27.7,159.3,77.1,1634,1
Tamil Nadu,2019,10,Post,26.0,337.2,71.3,1643,1
Tamil Nadu,2019,11,Post,26.2,302.2,70.1,1309,1
Tamil Nadu,2019,12,Winter,27.5,58.0,76.8,580,1
Tamil Nadu,2020,1,Winter,25.2,96.3,70.1,42,0
Tamil Nadu,2020,2,Winter,30.2,70.0,72.7,46,0
Tamil Nadu,2020,3,Summer,31.6,26.4,63.5,53,0
Tamil Nadu,2020,4,Summer,37.1,22.9,60.3,81,0
Tamil Nadu,2020,5,Summer,35.0,23.4,54.7,83,0
Tamil Nadu,2020,6,Monsoon,22.9,101.1,74.1,140,0
Tamil Nadu,2020,7,Monsoon,28.3,137.5,81.2,226,0
Tamil Nadu,2020,8,Monsoon,28.5,109.9,78.6,295,1
Tamil Nadu,2020,9,Monsoon,29.0,135.0,71.8,415,1
Tamil Nadu,2020,10,Post,23.0,259.9,78.1,486,1
Tamil Nadu,2020,11,Post,24.3,263.3,87.6,280,1
Tamil Nadu,2020,12,Winter,26.0,76.5,68.8,211,0
Tamil Nadu,2021,1,Winter,28.6,83.4,71.2,98,0
Tamil Nadu,2021,2,Winter,31.0,79.5,72.6,103,0
Tamil Nadu,2021,3,Summer,33.5,23.8,68.4,118,0
Tamil Nadu,2021,4,Summer,39.3,18.0,63.6,177,0
Tamil Nadu,2021,5,Summer,40.1,21.9,57.5,255,0
Tamil Nadu,2021,6,Monsoon,30.7,154.8,74.3,341,1
Tamil Nadu,2021,7,Monsoon,27.9,85.2,78.4,707,1
Tamil Nadu,2021,8,Monsoon,30.1,75.9,62.4,716,1
Tamil Nadu,2021,9,Monsoon,26.8,137.9,78.2,1099,1
Tamil Nadu,2021,10,Post,27.4,273.2,83.7,1130,1
Tamil Nadu,2021,11,Post,26.0,268.0,80.3,742,1
Tamil Nadu,2021,12,Winter,25.3,111.6,66.6,400,1
Tamil Nadu,2022,1,Winter,23.3,80.3,81.5,131,0
Tamil Nadu,2022,2,Winter,28.0,66.6,78.1,142,0
Tamil Nadu,2022,3,Summer,34.7,9.0,65.9,118,0
Tamil Nadu,2022,4,Summer,39.1,20.9,62.5,164,0
Tamil Nadu,2022,5,Summer,38.2,13.0,62.0,206,0
Tamil Nadu,2022,6,Monsoon,27.4,85.4,81.4,372,1
Tamil Nadu,2022,7,Monsoon,27.6,143.3,80.1,619,1
Tamil Nadu,2022,8,Monsoon,28.4,121.8,71.1,1047,1
Tamil Nadu,2022,9,Monsoon,29.3,162.4,83.2,1053,1
Tamil Nadu,2022,10,Post,26.2,253.4,81.8,1054,1
Tamil Nadu,2022,11,Post,26.8,290.8,80.4,893,1
Tamil Nadu,2022,12,Winter,22.4,79.2,65.7,563,1
Tamil Nadu,2023,1,Winter,26.7,95.2,67.9,214,0
Tamil Nadu,2023,2,Winter,26.7,85.6,69.6,165,0
Tamil Nadu,2023,3,Summer,36.3,21.2,56.1,178,0
Tamil Nadu,2023,4,Summer,37.4,25.3,62.9,230,0
Tamil Nadu,2023,5,Summer,37.6,17.8,45.8,337,1
Tamil Nadu,2023,6,Monsoon,30.7,158.4,80.8,615,1
Tamil Nadu,2023,7,Monsoon,30.9,142.5,77.1,1043,1
Tamil Nadu,2023,8,Monsoon,28.2,79.6,76.5,1145,1
Tamil Nadu,2023,9,Monsoon,30.0,118.9,84.9,1300,1
Tamil Nadu,2023,10,Post,24.7,315.0,81.9,1819,1
Tamil Nadu,2023,11,Post,26.0,211.3,79.6,1318,1
Tamil Nadu,2023,12,Winter,23.1,68.4,75.6,852,1
Tripura,2019,1,Winter,14.5,31.7,77.5,2,0
Tripura,2019,2,Winter,18.1,31.4,47.3,1,0
Tripura,2019,3,Summer,30.4,152.3,79.8,2,0
Tripura,2019,4,Summer,29.0,116.4,80.5,2,0
Tripura,2019,5,Summer,28.0,121.1,75.2,4,0
Tripura,2019,6,Monsoon,25.0,306.5,96.1,6,0
Tripura,2019,7,Monsoon,28.1,208.2,90.7,11,0
Tripura,2019,8,Monsoon,25.9,338.3,89.7,18,0
Tripura,2019,9,Monsoon,27.2,272.3,88.5,15,0
Tripura,2019,10,Post,27.2,79.4,76.6,20,0
Tripura,2019,11,Post,25.3,52.5,81.9,15,0
Tripura,2019,12,Winter,18.6,31.4,63.7,10,0
Tripura,2020,1,Winter,18.2,19.8,69.3,0,0
Tripura,2020,2,Winter,18.8,26.8,66.6,0,0
Tripura,2020,3,Summer,30.9,113.7,80.8,0,0
Tripura,2020,4,Summer,26.2,81.0,76.2,0,0
Tripura,2020,5,Summer,29.1,90.8,67.0,0,0
Tripura,2020,6,Monsoon,27.5,326.5,90.7,1,0
Tripura,2020,7,Monsoon,30.0,307.8,86.1,2,0
Tripura,2020,8,Monsoon,27.4,402.8,98.7,2,0
Tripura,2020,9,Monsoon,28.7,256.5,89.1,4,0
Tripura,2020,10,Post,23.1,92.1,76.7,4,0
Tripura,2020,11,Post,25.2,93.6,76.9,2,0
Tripura,2020,12,Winter,16.0,13.7,64.0,2,0
Tripura,2021,1,Winter,17.6,19.8,67.9,5,0
Tripura,2021,2,Winter,17.3,29.8,61.6,5,0
Tripura,2021,3,Summer,30.1,132.4,73.1,5,0
Tripura,2021,4,Summer,27.2,102.5,87.9,12,0
Tripura,2021,5,Summer,30.4,81.0,87.4,11,0
Tripura,2021,6,Monsoon,27.7,283.2,85.9,26,0
Tripura,2021,7,Monsoon,28.6,236.6,91.3,41,0
Tripura,2021,8,Monsoon,27.3,180.2,90.4,43,0
Tripura,2021,9,Monsoon,28.9,454.3,88.3,63,0
Tripura,2021,10,Post,27.2,140.7,65.0,56,0
Tripura,2021,11,Post,22.7,44.9,78.5,42,0
Tripura,2021,12,Winter,18.3,25.0,62.0,28,0
Tripura,2022,1,Winter,19.0,21.8,66.5,1,0
Tripura,2022,2,Winter,17.5,34.6,54.1,1,0
Tripura,2022,3,Summer,25.4,111.3,91.5,0,0
Tripura,2022,4,Summer,29.5,127.0,81.4,1,0
Tripura,2022,5,Summer,30.4,99.8,65.8,2,0
Tripura,2022,6,Monsoon,29.4,310.9,84.8,3,0
Tripura,2022,7,Monsoon,28.1,337.2,83.4,4,0
Tripura,2022,8,Monsoon,30.4,439.1,84.3,6,0
Tripura,2022,9,Monsoon,28.3,407.2,87.8,8,0
Tripura,2022,10,Post,25.8,95.6,80.3,9,0
Tripura,2022,11,Post,26.4,82.4,67.5,6,0
Tripura,2022,12,Winter,20.9,28.3,59.5,5,0
Tripura,2023,1,Winter,18.7,19.0,57.5,26,0
Tripura,2023,2,Winter,13.8,24.7,71.5,29,0
Tripura,2023,3,Summer,28.2,106.4,79.2,25,0
Tripura,2023,4,Summer,29.1,98.2,85.9,41,0
Tripura,2023,5,Summer,25.6,107.6,76.5,61,0
Tripura,2023,6,Monsoon,26.7,240.7,93.8,99,0
Tripura,2023,7,Monsoon,26.9,281.6,85.7,131,0
Tripura,2023,8,Monsoon,26.6,341.4,84.5,168,0
Tripura,2023,9,Monsoon,28.7,261.7,95.4,251,0
Tripura,2023,10,Post,24.0,104.1,70.7,220,0
Tripura,2023,11,Post,21.2,115.1,80.4,216,0
Tripura,2023,12,Winter,15.0,18.0,62.6,104,0
Telangana,2019,1,Winter,17.5,7.4,50.9,253,0
Telangana,2019,2,Winter,23.4,9.8,50.1,282,0
Telangana,2019,3,Summer,34.9,12.2,45.2,255,0
Telangana,2019,4,Summer,40.2,14.2,44.8,321,1
Telangana,2019,5,Summer,37.7,12.1,40.5,520,1
Telangana,2019,6,Monsoon,29.2,78.0,77.5,999,1
Telangana,2019,7,Monsoon,31.0,157.2,84.3,1124,1
Telangana,2019,8,Monsoon,30.8,107.1,72.8,1918,1
Telangana,2019,9,Monsoon,31.3,124.8,84.3,1926,1
Telangana,2019,10,Post,28.3,41.3,59.7,2828,1
Telangana,2019,11,Post,24.5,33.1,68.4,1966,1
Telangana,2019,12,Winter,22.3,8.4,47.5,1203,1
Telangana,2020,1,Winter,20.1,6.7,52.5,44,0
Telangana,2020,2,Winter,17.4,6.7,58.6,45,0
Telangana,2020,3,Summer,40.5,14.5,38.4,36,0
Telangana,2020,4,Summer,39.5,9.4,43.0,65,0
Telangana,2020,5,Summer,39.0,11.7,42.0,83,0
Telangana,2020,6,Monsoon,32.3,120.4,75.9,125,0
Telangana,2020,7,Monsoon,30.3,160.8,74.4,245,0
Telangana,2020,8,Monsoon,31.6,168.2,78.6,293,1
Telangana,2020,9,Monsoon,29.1,225.7,73.9,323,1
Telangana,2020,10,Post,32.2,65.9,69.5,439,1
Telangana,2020,11,Post,29.7,49.8,66.7,282,0
Telangana,2020,12,Winter,20.8,7.8,50.1,176,0
Telangana,2021,1,Winter,22.9,7.0,60.3,166,0
Telangana,2021,2,Winter,23.2,9.6,58.1,136,0
Telangana,2021,3,Summer,42.0,10.8,53.0,143,0
Telangana,2021,4,Summer,36.9,11.0,48.8,247,0
Telangana,2021,5,Summer,36.0,11.0,49.3,264,0
Telangana,2021,6,Monsoon,30.3,127.2,80.8,524,1
Telangana,2021,7,Monsoon,27.8,139.8,73.3,828,1
Telangana,2021,8,Monsoon,28.9,114.1,75.1,978,1
Telangana,2021,9,Monsoon,32.3,133.2,77.7,1388,1
Telangana,2021,10,Post,28.9,30.6,66.1,1382,1
Telangana,2021,11,Post,32.4,41.6,64.3,1076,1
Telangana,2021,12,Winter,23.9,7.9,60.3,594,1
Telangana,2022,1,Winter,21.4,8.2,57.4,147,0
Telangana,2022,2,Winter,19.0,7.9,49.9,167,0
Telangana,2022,3,Summer,34.7,9.2,47.5,180,0
Telangana,2022,4,Summer,36.2,8.8,39.9,279,0
Telangana,2022,5,Summer,39.6,11.6,49.8,355,1
Telangana,2022,6,Monsoon,32.4,148.6,78.5,658,1
Telangana,2022,7,Monsoon,30.0,209.1,71.3,948,1
Telangana,2022,8,Monsoon,28.3,184.0,80.0,1176,1
Telangana,2022,9,Monsoon,30.7,208.0,78.4,1535,1
Telangana,2022,10,Post,30.1,52.3,67.4,1915,1
Telangana,2022,11,Post,28.1,45.8,63.2,976,1
Telangana,2022,12,Winter,26.8,9.2,56.1,663,1
Telangana,2023,1,Winter,23.7,7.2,54.9,188,0
Telangana,2023,2,Winter,19.0,6.7,60.7,172,0
Telangana,2023,3,Summer,35.4,8.2,38.3,131,0
Telangana,2023,4,Summer,40.7,10.1,42.6,265,0
Telangana,2023,5,Summer,40.4,10.3,44.5,286,1
Telangana,2023,6,Monsoon,29.3,135.5,77.5,663,1
Telangana,2023,7,Monsoon,30.5,158.7,81.7,642,1
Telangana,2023,8,Monsoon,30.2,172.8,79.2,960,1
Telangana,2023,9,Monsoon,29.7,132.1,78.4,1377,1
Telangana,2023,10,Post,29.5,45.6,66.1,1274,1
Telangana,2023,11,Post,26.8,41.8,59.3,1140,1
Telangana,2023,12,Winter,22.7,7.4,42.6,666,1
Uttar Pradesh,2019,1,Winter,15.1,10.3,67.2,182,0
Uttar Pradesh,2019,2,Winter,11.5,10.2,63.9,204,0
Uttar Pradesh,2019,3,Summer,39.6,8.3,40.8,244,0
Uttar Pradesh,2019,4,Summer,37.3,10.9,31.8,264,1
Uttar Pradesh,2019,5,Summer,41.1,8.4,43.9,385,1
Uttar Pradesh,2019,6,Monsoon,36.0,150.4,74.7,803,1
Uttar Pradesh,2019,7,Monsoon,36.7,181.3,72.0,985,1
Uttar Pradesh,2019,8,Monsoon,30.7,181.0,76.1,1488,1
Uttar Pradesh,2019,9,Monsoon,32.0,178.3,75.9,1681,1
Uttar Pradesh,2019,10,Post,29.4,25.3,69.0,1686,1
Uttar Pradesh,2019,11,Post,31.8,16.5,54.1,1118,1
Uttar Pradesh,2019,12,Winter,12.3,10.3,60.3,711,1
Uttar Pradesh,2020,1,Winter,15.4,13.1,61.2,66,0
Uttar Pradesh,2020,2,Winter,12.2,8.0,62.5,87,0
Uttar Pradesh,2020,3,Summer,38.3,11.7,31.7,71,0
Uttar Pradesh,2020,4,Summer,34.9,9.3,46.6,127,0
Uttar Pradesh,2020,5,Summer,37.7,10.9,33.6,130,0
Uttar Pradesh,2020,6,Monsoon,33.3,131.6,74.0,299,0
Uttar Pradesh,2020,7,Monsoon,32.7,136.4,84.0,354,1
Uttar Pradesh,2020,8,Monsoon,34.8,187.0,81.3,507,1
Uttar Pradesh,2020,9,Monsoon,32.9,153.0,78.1,715,1
Uttar Pradesh,2020,10,Post,30.3,15.8,57.9,538,1
Uttar Pradesh,2020,11,Post,30.2,15.7,54.6,482,1
Uttar Pradesh,2020,12,Winter,15.9,7.7,54.1,265,0
Uttar Pradesh,2021,1,Winter,13.4,11.1,59.2,561,1
Uttar Pradesh,2021,2,Winter,11.8,12.2,66.9,605,1
Uttar Pradesh,2021,3,Summer,35.7,13.2,36.0,488,1
Uttar Pradesh,2021,4,Summer,38.3,14.3,28.7,1030,1
Uttar Pradesh,2021,5,Summer,37.0,7.4,33.5,1023,1
Uttar Pradesh,2021,6,Monsoon,29.7,231.2,76.1,2033,1
Uttar Pradesh,2021,7,Monsoon,35.4,178.8,75.6,2686,1
Uttar Pradesh,2021,8,Monsoon,36.8,186.9,80.8,3700,1
Uttar Pradesh,2021,9,Monsoon,34.7,157.3,77.5,4844,1
Uttar Pradesh,2021,10,Post,27.3,24.2,57.9,5168,1
Uttar Pradesh,2021,11,Post,26.7,20.2,54.2,3269,1
Uttar Pradesh,2021,12,Winter,14.7,16.2,56.7,2581,1
Uttar Pradesh,2022,1,Winter,12.8,13.2,64.7,411,1
Uttar Pradesh,2022,2,Winter,15.3,9.1,57.8,336,1
Uttar Pradesh,2022,3,Summer,43.3,10.6,36.1,374,1
Uttar Pradesh,2022,4,Summer,33.6,11.5,39.3,514,1
Uttar Pradesh,2022,5,Summer,36.0,9.3,45.1,929,1
Uttar Pradesh,2022,6,Monsoon,34.5,185.4,72.8,1141,1
Uttar Pradesh,2022,7,Monsoon,33.1,214.9,80.8,1704,1
Uttar Pradesh,2022,8,Monsoon,34.0,152.1,74.1,2739,1
Uttar Pradesh,2022,9,Monsoon,32.2,183.0,80.6,4020,1
Uttar Pradesh,2022,10,Post,27.6,15.8,60.1,4146,1
Uttar Pradesh,2022,11,Post,25.6,20.2,58.6,2815,1
Uttar Pradesh,2022,12,Winter,14.4,9.8,65.2,1402,1
Uttar Pradesh,2023,1,Winter,11.9,13.7,69.2,788,1
Uttar Pradesh,2023,2,Winter,13.4,15.4,60.9,803,1
Uttar Pradesh,2023,3,Summer,35.6,11.4,33.4,599,1
Uttar Pradesh,2023,4,Summer,35.7,8.3,34.6,1043,1
Uttar Pradesh,2023,5,Summer,39.9,12.3,28.3,1561,1
Uttar Pradesh,2023,6,Monsoon,35.0,211.0,70.6,2021,1
Uttar Pradesh,2023,7,Monsoon,32.6,223.6,69.8,3790,1
Uttar Pradesh,2023,8,Monsoon,34.2,174.5,83.7,5189,1
Uttar Pradesh,2023,9,Monsoon,34.9,176.2,82.2,6743,1
Uttar Pradesh,2023,10,Post,28.0,14.3,55.6,6132,1
Uttar Pradesh,2023,11,Post,27.0,22.5,65.0,4332,1
Uttar Pradesh,2023,12,Winter,14.2,8.9,65.6,2389,1
Uttrakhand,2019,1,Winter,5.8,30.5,61.5,199,0
Uttrakhand,2019,2,Winter,5.1,27.4,67.0,178,0
Uttrakhand,2019,3,Summer,27.7,29.0,52.2,238,0
Uttrakhand,2019,4,Summer,28.2,20.1,46.8,284,1
Uttrakhand,2019,5,Summer,33.6,23.8,45.2,501,1
Uttrakhand,2019,6,Monsoon,23.5,199.5,78.3,693,1
Uttrakhand,2019,7,Monsoon,26.3,138.2,70.1,1161,1
Uttrakhand,2019,8,Monsoon,19.0,236.3,82.5,1338,1
Uttrakhand,2019,9,Monsoon,24.8,271.5,78.8,1671,1
Uttrakhand,2019,10,Post,11.4,37.1,62.7,1610,1
Uttrakhand,2019,11,Post,18.2,50.2,64.1,1428,1
Uttrakhand,2019,12,Winter,8.2,30.2,60.2,987,1
Uttrakhand,2020,1,Winter,10.1,21.4,55.4,1,0
Uttrakhand,2020,2,Winter,5.7,22.4,60.2,1,0
Uttrakhand,2020,3,Summer,29.7,34.5,42.3,1,0
Uttrakhand,2020,4,Summer,28.0,24.2,60.6,2,0
Uttrakhand,2020,5,Summer,26.2,34.9,52.6,2,0
Uttrakhand,2020,6,Monsoon,19.4,164.8,81.5,5,0
Uttrakhand,2020,7,Monsoon,21.3,220.2,82.6,9,0
Uttrakhand,2020,8,Monsoon,24.7,259.3,74.8,8,0
Uttrakhand,2020,9,Monsoon,22.9,196.1,71.0,10,0
Uttrakhand,2020,10,Post,16.7,47.7,71.8,12,0
Uttrakhand,2020,11,Post,17.0,38.2,59.3,10,0
Uttrakhand,2020,12,Winter,4.4,33.4,53.7,5,0
Uttrakhand,2021,1,Winter,8.7,27.2,54.9,14,0
Uttrakhand,2021,2,Winter,0.8,27.1,57.3,15,0
Uttrakhand,2021,3,Summer,25.3,28.3,54.5,14,0
Uttrakhand,2021,4,Summer,29.1,35.7,45.0,20,0
Uttrakhand,2021,5,Summer,29.6,24.6,48.2,26,0
Uttrakhand,2021,6,Monsoon,21.1,201.4,83.7,48,0
Uttrakhand,2021,7,Monsoon,21.5,238.8,74.5,70,0
Uttrakhand,2021,8,Monsoon,20.8,245.6,74.1,94,0
Uttrakhand,2021,9,Monsoon,20.6,205.0,78.1,147,0
Uttrakhand,2021,10,Post,13.5,52.1,59.3,119,0
Uttrakhand,2021,11,Post,14.3,36.1,67.7,77,0
Uttrakhand,2021,12,Winter,4.7,17.6,63.0,59,0
Uttrakhand,2022,1,Winter,2.3,33.7,63.2,53,0
Uttrakhand,2022,2,Winter,4.2,28.3,61.8,47,0
Uttrakhand,2022,3,Summer,26.2,28.0,55.5,41,0
Uttrakhand,2022,4,Summer,33.0,38.4,50.9,72,0
Uttrakhand,2022,5,Summer,28.2,24.6,56.8,98,0
Uttrakhand,2022,6,Monsoon,23.3,218.9,76.1,175,0
Uttrakhand,2022,7,Monsoon,21.9,185.7,86.1,207,0
Uttrakhand,2022,8,Monsoon,19.6,231.9,80.9,366,1
Uttrakhand,2022,9,Monsoon,24.1,189.7,86.3,331,1
Uttrakhand,2022,10,Post,17.0,44.5,61.5,340,1
Uttrakhand,2022,11,Post,13.6,51.4,72.8,284,1
Uttrakhand,2022,12,Winter,7.8,33.5,70.7,205,0
Uttrakhand,2023,1,Winter,0.6,32.0,56.3,80,0
Uttrakhand,2023,2,Winter,5.9,35.4,49.3,98,0
Uttrakhand,2023,3,Summer,27.3,29.8,52.1,102,0
Uttrakhand,2023,4,Summer,26.4,27.3,53.0,113,0
Uttrakhand,2023,5,Summer,29.2,32.8,59.7,140,0
Uttrakhand,2023,6,Monsoon,24.5,219.4,82.8,273,1
Uttrakhand,2023,7,Monsoon,20.1,227.8,77.4,417,1
Uttrakhand,2023,8,Monsoon,20.0,69.8,86.0,549,1
Uttrakhand,2023,9,Monsoon,22.2,185.2,72.1,842,1
Uttrakhand,2023,10,Post,14.4,44.9,67.1,776,1
Uttrakhand,2023,11,Post,16.8,34.0,63.6,463,1
Uttrakhand,2023,12,Winter,3.2,29.2,58.6,401,1
West Bengal*,2019,1,Winter,19.8,18.3,65.4,0,0
West Bengal*,2019,2,Winter,22.8,19.3,60.3,0,0
West Bengal*,2019,3,Summer,35.0,45.7,75.4,0,0
West Bengal*,2019,4,Summer,34.6,29.6,69.1,0,0
West Bengal*,2019,5,Summer,39.3,36.2,68.8,0,0
West Bengal*,2019,6,Monsoon,32.3,246.3,82.2,0,0
West Bengal*,2019,7,Monsoon,29.4,335.7,85.7,0,0
West Bengal*,2019,8,Monsoon,26.9,300.2,94.7,0,0
West Bengal*,2019,9,Monsoon,28.2,337.2,85.9,0,0
West Bengal*,2019,10,Post,25.6,66.2,81.8,0,0
West Bengal*,2019,11,Post,27.0,52.7,65.2,0,0
West Bengal*,2019,12,Winter,23.5,16.5,57.0,0,0
West Bengal*,2020,1,Winter,19.9,9.9,58.0,107,0
West Bengal*,2020,2,Winter,20.4,17.8,65.4,111,0
West Bengal*,2020,3,Summer,32.5,57.6,71.8,106,0
West Bengal*,2020,4,Summer,35.0,22.2,77.4,136,0
West Bengal*,2020,5,Summer,30.2,41.5,69.8,194,0
West Bengal*,2020,6,Monsoon,29.9,250.2,86.3,296,1
West Bengal*,2020,7,Monsoon,30.7,413.1,84.0,531,1
West Bengal*,2020,8,Monsoon,30.9,267.2,83.3,581,1
West Bengal*,2020,9,Monsoon,29.2,271.2,83.2,772,1
West Bengal*,2020,10,Post,27.2,51.9,74.7,1064,1
West Bengal*,2020,11,Post,27.2,59.5,68.5,609,1
West Bengal*,2020,12,Winter,23.6,16.8,56.3,399,1
West Bengal*,2021,1,Winter,21.1,12.2,67.5,139,0
West Bengal*,2021,2,Winter,20.4,17.0,67.4,139,0
West Bengal*,2021,3,Summer,33.9,54.5,61.7,195,0
West Bengal*,2021,4,Summer,38.1,41.9,67.6,287,0
West Bengal*,2021,5,Summer,36.7,35.0,72.3,303,1
West Bengal*,2021,6,Monsoon,24.6,291.4,78.4,502,1
West Bengal*,2021,7,Monsoon,30.8,365.0,88.2,877,1
West Bengal*,2021,8,Monsoon,28.7,329.2,86.6,1356,1
West Bengal*,2021,9,Monsoon,31.9,369.7,87.2,1254,1
West Bengal*,2021,10,Post,26.2,65.7,71.6,1270,1
West Bengal*,2021,11,Post,29.4,59.4,74.1,932,1
West Bengal*,2021,12,Winter,20.3,12.8,53.1,610,1
West Bengal*,2022,1,Winter,20.9,12.9,60.8,1176,1
West Bengal*,2022,2,Winter,20.9,18.9,66.7,1446,1
West Bengal*,2022,3,Summer,32.7,33.4,74.0,1319,1
West Bengal*,2022,4,Summer,34.7,30.7,66.7,1958,1
West Bengal*,2022,5,Summer,34.2,40.3,75.3,2884,1
West Bengal*,2022,6,Monsoon,29.4,366.7,88.2,3801,1
West Bengal*,2022,7,Monsoon,32.9,338.2,77.2,5748,1
West Bengal*,2022,8,Monsoon,30.9,315.2,92.0,10842,1
West Bengal*,2022,9,Monsoon,33.5,375.0,89.8,10969,1
West Bengal*,2022,10,Post,30.2,76.9,74.3,11496,1
West Bengal*,2022,11,Post,26.4,57.3,68.8,8415,1
West Bengal*,2022,12,Winter,23.6,13.6,63.0,5583,1
West Bengal*,2023,1,Winter,21.2,16.5,66.1,610,1
West Bengal*,2023,2,Winter,20.7,17.5,62.4,711,1
West Bengal*,2023,3,Summer,31.6,36.9,60.2,561,1
West Bengal*,2023,4,Summer,32.0,45.3,65.9,762,1
West Bengal*,2023,5,Summer,33.1,44.1,65.5,1114,1
West Bengal*,2023,6,Monsoon,29.6,346.4,88.4,1908,1
West Bengal*,2023,7,Monsoon,26.1,167.4,88.7,3084,1
West Bengal*,2023,8,Monsoon,31.0,378.1,89.2,3452,1
West Bengal*,2023,9,Monsoon,31.6,307.5,88.5,5277,1
West Bengal*,2023,10,Post,31.3,63.5,63.2,5866,1
West Bengal*,2023,11,Post,31.3,52.4,73.8,3911,1
West Bengal*,2023,12,Winter,20.1,20.0,57.9,2209,1
A& N Island,2019,1,Winter,27.7,42.6,82.1,4,0
A& N Island,2019,2,Winter,25.7,38.0,76.2,3,0
A& N Island,2019,3,Summer,32.4,80.1,80.3,3,0
A& N Island,2019,4,Summer,29.5,73.2,83.5,5,0
A& N Island,2019,5,Summer,27.8,91.0,79.6,6,0
A& N Island,2019,6,Monsoon,27.1,332.3,90.8,11,0
A& N Island,2019,7,Monsoon,31.1,394.3,86.6,15,0
A& N Island,2019,8,Monsoon,30.5,315.8,79.5,23,0
A& N Island,2019,9,Monsoon,26.3,292.4,83.4,25,0
A& N Island,2019,10,Post,29.4,107.3,82.7,31,0
A& N Island,2019,11,Post,26.3,86.8,77.9,18,0
A& N Island,2019,12,Winter,26.4,38.6,83.0,12,0
A& N Island,2020,1,Winter,26.0,35.7,88.0,2,0
A& N Island,2020,2,Winter,29.7,35.6,74.4,2,0
A& N Island,2020,3,Summer,27.0,79.8,79.1,1,0
A& N Island,2020,4,Summer,29.1,84.7,89.1,2,0
A& N Island,2020,5,Summer,30.8,61.2,84.6,3,0
A& N Island,2020,6,Monsoon,24.5,295.1,87.4,6,0
A& N Island,2020,7,Monsoon,31.7,248.9,100.0,11,0
A& N Island,2020,8,Monsoon,28.9,252.4,100.0,14,0
A& N Island,2020,9,Monsoon,25.8,254.7,88.2,18,0
A& N Island,2020,10,Post,24.5,127.1,85.0,19,0
A& N Island,2020,11,Post,26.8,177.0,80.9,14,0
A& N Island,2020,12,Winter,29.7,40.7,84.0,8,0
A& N Island,2021,1,Winter,26.0,48.2,83.5,3,0
A& N Island,2021,2,Winter,24.4,47.9,76.5,3,0
A& N Island,2021,3,Summer,27.3,72.7,73.3,3,0
A& N Island,2021,4,Summer,28.2,66.2,84.2,5,0
A& N Island,2021,5,Summer,30.4,79.3,76.4,5,0
A& N Island,2021,6,Monsoon,27.6,401.5,95.7,11,0
A& N Island,2021,7,Monsoon,26.7,294.2,93.1,15,0
A& N Island,2021,8,Monsoon,35.1,313.8,83.8,21,0
A& N Island,2021,9,Monsoon,26.6,267.7,84.4,26,0
A& N Island,2021,10,Post,25.7,138.0,85.0,33,0
A& N Island,2021,11,Post,29.9,151.7,87.1,25,0
A& N Island,2021,12,Winter,25.1,37.9,73.1,12,0
A& N Island,2022,1,Winter,24.3,32.9,67.5,23,0
A& N Island,2022,2,Winter,28.7,45.9,74.4,18,0
A& N Island,2022,3,Summer,32.1,59.4,74.6,20,0
A& N Island,2022,4,Summer,35.1,73.4,81.2,32,0
A& N Island,2022,5,Summer,30.9,68.5,69.8,34,0
A& N Island,2022,6,Monsoon,25.4,235.2,88.1,70,0
A& N Island,2022,7,Monsoon,26.4,351.2,89.2,108,0
A& N Island,2022,8,Monsoon,28.0,282.8,93.8,157,0
A& N Island,2022,9,Monsoon,27.1,221.9,85.9,183,0
A& N Island,2022,10,Post,29.9,170.3,93.2,172,0
A& N Island,2022,11,Post,24.3,176.9,83.2,139,0
A& N Island,2022,12,Winter,27.4,31.8,70.0,73,0
A& N Island,2023,1,Winter,24.0,26.0,78.5,19,0
A& N Island,2023,2,Winter,29.6,40.0,75.0,17,0
A& N Island,2023,3,Summer,32.2,83.7,82.5,13,0
A& N Island,2023,4,Summer,29.3,83.7,80.6,26,0
A& N Island,2023,5,Summer,28.8,78.8,79.7,27,0
A& N Island,2023,6,Monsoon,29.7,288.8,97.8,50,0
A& N Island,2023,7,Monsoon,31.8,369.8,94.7,96,0
A& N Island,2023,8,Monsoon,28.0,256.9,96.5,121,0
A& N Island,2023,9,Monsoon,25.4,378.6,86.6,136,0
A& N Island,2023,10,Post,26.7,162.3,78.1,148,0
A& N Island,2023,11,Post,28.0,148.3,87.9,119,0
A& N Island,2023,12,Winter,27.9,31.4,83.6,56,0
Chandigarh,2019,1,Winter,14.5,10.7,64.0,4,0
Chandigarh,2019,2,Winter,13.8,11.0,59.8,5,0
Chandigarh,2019,3,Summer,37.4,14.3,43.5,5,0
Chandigarh,2019,4,Summer,37.6,19.4,46.7,9,0
Chandigarh,2019,5,Summer,36.6,15.1,44.4,13,0
Chandigarh,2019,6,Monsoon,32.5,173.9,59.4,22,0
Chandigarh,2019,7,Monsoon,35.1,81.0,70.2,29,0
Chandigarh,2019,8,Monsoon,31.1,112.0,74.6,41,0
Chandigarh,2019,9,Monsoon,28.7,127.7,66.2,42,0
Chandigarh,2019,10,Post,24.9,21.8,63.0,54,0
Chandigarh,2019,11,Post,22.9,14.6,43.6,42,0
Chandigarh,2019,12,Winter,11.4,11.5,66.2,26,0
Chandigarh,2020,1,Winter,13.9,8.3,68.0,4,0
Chandigarh,2020,2,Winter,11.9,7.4,67.8,4,0
Chandigarh,2020,3,Summer,37.9,16.2,45.3,4,0
Chandigarh,2020,4,Summer,36.6,6.6,45.5,6,0
Chandigarh,2020,5,Summer,39.9,17.1,47.7,10,0
Chandigarh,2020,6,Monsoon,32.2,82.7,76.3,15,0
Chandigarh,2020,7,Monsoon,34.2,70.1,79.0,28,0
Chandigarh,2020,8,Monsoon,29.1,148.2,69.1,39,0
Chandigarh,2020,9,Monsoon,32.6,169.4,75.8,50,0
Chandigarh,2020,10,Post,25.7,12.6,57.7,42,0
Chandigarh,2020,11,Post,25.4,10.4,55.7,29,0
Chandigarh,2020,12,Winter,9.2,16.2,65.0,20,0
Chandigarh,2021,1,Winter,10.1,14.9,67.4,31,0
Chandigarh,2021,2,Winter,9.6,8.0,67.1,30,0
Chandigarh,2021,3,Summer,35.6,14.6,40.5,29,0
Chandigarh,2021,4,Summer,35.4,14.9,45.4,44,0
Chandigarh,2021,5,Summer,31.3,16.1,35.1,76,0
Chandigarh,2021,6,Monsoon,31.3,75.1,68.4,121,0
Chandigarh,2021,7,Monsoon,33.1,109.6,81.8,134,0
Chandigarh,2021,8,Monsoon,30.3,131.4,76.5,197,0
Chandigarh,2021,9,Monsoon,30.1,99.8,70.6,260,0
Chandigarh,2021,10,Post,25.9,20.1,55.5,289,0
Chandigarh,2021,11,Post,26.4,22.7,54.6,213,0
Chandigarh,2021,12,Winter,12.6,10.3,60.5,112,0
Chandigarh,2022,1,Winter,11.9,15.2,47.9,16,0
Chandigarh,2022,2,Winter,13.8,10.8,64.0,15,0
Chandigarh,2022,3,Summer,36.6,16.4,42.9,17,0
Chandigarh,2022,4,Summer,30.7,17.5,43.5,30,0
Chandigarh,2022,5,Summer,34.2,17.0,38.1,33,0
Chandigarh,2022,6,Monsoon,26.9,101.3,78.8,54,0
Chandigarh,2022,7,Monsoon,31.5,118.6,75.7,88,0
Chandigarh,2022,8,Monsoon,28.3,119.5,69.1,137,0
Chandigarh,2022,9,Monsoon,33.2,120.9,70.6,181,0
Chandigarh,2022,10,Post,25.5,22.3,45.5,182,0
Chandigarh,2022,11,Post,28.4,14.5,52.9,101,0
Chandigarh,2022,12,Winter,11.6,10.6,67.2,79,0
Chandigarh,2023,1,Winter,13.1,13.6,53.7,8,0
Chandigarh,2023,2,Winter,17.2,17.8,61.1,10,0
Chandigarh,2023,3,Summer,35.8,18.0,43.7,8,0
Chandigarh,2023,4,Summer,36.6,14.7,42.5,14,0
Chandigarh,2023,5,Summer,36.3,15.2,44.1,18,0
Chandigarh,2023,6,Monsoon,29.3,141.0,69.3,32,0
Chandigarh,2023,7,Monsoon,28.5,147.7,84.8,43,0
Chandigarh,2023,8,Monsoon,30.2,161.8,73.4,61,0
Chandigarh,2023,9,Monsoon,28.8,78.3,78.5,78,0
Chandigarh,2023,10,Post,21.5,14.0,55.0,81,0
Chandigarh,2023,11,Post,25.9,17.8,55.8,62,0
Chandigarh,2023,12,Winter,14.3,13.9,63.0,38,0
Delhi,2019,1,Winter,12.7,12.6,60.7,92,0
Delhi,2019,2,Winter,14.6,8.0,57.3,115,0
Delhi,2019,3,Summer,37.3,8.7,41.5,104,0
Delhi,2019,4,Summer,37.7,10.0,37.6,146,0
Delhi,2019,5,Summer,39.7,8.5,43.3,221,0
Delhi,2019,6,Monsoon,34.9,152.2,75.0,297,1
Delhi,2019,7,Monsoon,34.4,191.0,72.6,527,1
Delhi,2019,8,Monsoon,34.3,161.1,72.8,590,1
Delhi,2019,9,Monsoon,37.0,140.3,74.9,1004,1
Delhi,2019,10,Post,30.7,14.0,55.7,851,1
Delhi,2019,11,Post,29.7,15.2,56.9,668,1
Delhi,2019,12,Winter,12.3,11.0,60.6,475,1
Delhi,2020,1,Winter,15.8,9.5,69.2,25,0
Delhi,2020,2,Winter,12.6,13.4,60.3,24,0
Delhi,2020,3,Summer,42.9,9.9,44.2,27,0
Delhi,2020,4,Summer,36.9,9.9,47.5,44,0
Delhi,2020,5,Summer,33.1,8.7,34.9,41,0
Delhi,2020,6,Monsoon,31.0,102.9,76.5,81,0
Delhi,2020,7,Monsoon,31.6,171.4,69.7,140,0
Delhi,2020,8,Monsoon,32.0,136.2,67.6,178,0
Delhi,2020,9,Monsoon,35.0,180.2,67.7,185,0
Delhi,2020,10,Post,26.1,12.0,50.4,230,0
Delhi,2020,11,Post,25.8,19.6,51.4,151,0
Delhi,2020,12,Winter,16.5,9.2,62.2,84,0
Delhi,2021,1,Winter,15.3,9.8,59.7,298,0
Delhi,2021,2,Winter,14.5,11.4,69.4,295,0
Delhi,2021,3,Summer,36.2,9.1,52.7,265,0
Delhi,2021,4,Summer,40.4,11.2,38.4,455,1
Delhi,2021,5,Summer,39.5,10.6,37.8,596,1
Delhi,2021,6,Monsoon,29.5,186.9,73.2,783,1
Delhi,2021,7,Monsoon,34.7,114.5,70.7,1185,1
Delhi,2021,8,Monsoon,31.0,177.1,68.2,1735,1
Delhi,2021,9,Monsoon,31.2,143.5,70.5,2357,1
Delhi,2021,10,Post,30.4,12.4,59.4,2718,1
Delhi,2021,11,Post,25.6,20.8,52.2,1591,1
Delhi,2021,12,Winter,15.3,11.2,66.7,1158,1
Delhi,2022,1,Winter,17.5,9.1,55.6,214,0
Delhi,2022,2,Winter,13.0,14.0,59.8,207,0
Delhi,2022,3,Summer,39.9,11.2,40.9,215,0
Delhi,2022,4,Summer,39.8,11.7,36.3,269,1
Delhi,2022,5,Summer,38.4,10.6,40.2,410,1
Delhi,2022,6,Monsoon,34.7,131.7,79.0,625,1
Delhi,2022,7,Monsoon,33.1,88.6,79.9,1136,1
Delhi,2022,8,Monsoon,33.3,179.4,75.0,1249,1
Delhi,2022,9,Monsoon,32.8,134.8,69.1,1991,1
Delhi,2022,10,Post,31.3,17.0,47.4,1741,1
Delhi,2022,11,Post,30.1,15.3,54.9,1303,1
Delhi,2022,12,Winter,14.8,11.3,62.3,977,1
Delhi,2023,1,Winter,15.6,8.2,61.9,335,1
Delhi,2023,2,Winter,13.5,11.0,53.2,310,1
Delhi,2023,3,Summer,38.3,7.7,39.0,296,1
Delhi,2023,4,Summer,35.9,7.5,38.2,540,1
Delhi,2023,5,Summer,38.1,10.6,34.1,701,1
Delhi,2023,6,Monsoon,32.9,145.6,64.4,1188,1
Delhi,2023,7,Monsoon,33.2,162.1,64.1,1989,1
Delhi,2023,8,Monsoon,36.0,119.6,77.7,2686,1
Delhi,2023,9,Monsoon,35.5,132.9,70.7,3097,1
Delhi,2023,10,Post,29.0,11.9,50.7,2788,1
Delhi,2023,11,Post,26.2,17.3,52.9,2171,1
Delhi,2023,12,Winter,11.3,8.1,67.9,1251,1
D&N Haveli,2019,1,Winter,27.2,6.6,56.4,34,0
D&N Haveli,2019,2,Winter,22.3,6.9,51.0,34,0
D&N Haveli,2019,3,Summer,31.5,25.1,57.5,33,0
D&N Haveli,2019,4,Summer,37.5,20.1,62.5,42,0
D&N Haveli,2019,5,Summer,37.8,18.6,56.9,69,0
D&N Haveli,2019,6,Monsoon,29.6,259.8,87.1,87,0
D&N Haveli,2019,7,Monsoon,28.3,244.9,90.1,172,0
D&N Haveli,2019,8,Monsoon,29.9,281.3,72.6,170,0
D&N Haveli,2019,9,Monsoon,26.9,252.0,81.4,252,0
D&N Haveli,2019,10,Post,32.2,44.5,69.6,237,0
D&N Haveli,2019,11,Post,31.5,41.0,73.8,184,0
D&N Haveli,2019,12,Winter,23.2,6.6,57.6,124,0
D&N Haveli,2020,1,Winter,21.4,7.2,66.7,4,0
D&N Haveli,2020,2,Winter,27.8,9.5,65.4,4,0
D&N Haveli,2020,3,Summer,37.6,19.0,46.1,4,0
D&N Haveli,2020,4,Summer,35.3,22.4,58.8,7,0
D&N Haveli,2020,5,Summer,33.9,16.8,63.1,9,0
D&N Haveli,2020,6,Monsoon,28.2,393.5,79.5,19,0
D&N Haveli,2020,7,Monsoon,29.2,255.3,81.4,23,0
D&N Haveli,2020,8,Monsoon,26.8,165.2,82.1,29,0
D&N Haveli,2020,9,Monsoon,30.2,277.8,88.0,44,0
D&N Haveli,2020,10,Post,30.7,55.4,70.2,46,0
D&N Haveli,2020,11,Post,28.7,55.3,62.4,33,0
D&N Haveli,2020,12,Winter,20.7,8.0,63.0,22,0
D&N Haveli,2021,1,Winter,21.3,7.7,50.3,11,0
D&N Haveli,2021,2,Winter,20.7,6.8,53.5,11,0
D&N Haveli,2021,3,Summer,33.3,15.1,63.9,10,0
D&N Haveli,2021,4,Summer,32.8,21.5,55.1,15,0
D&N Haveli,2021,5,Summer,32.5,14.4,47.2,19,0
D&N Haveli,2021,6,Monsoon,28.9,265.6,83.7,42,0
D&N Haveli,2021,7,Monsoon,31.4,317.4,83.9,48,0
D&N Haveli,2021,8,Monsoon,31.7,329.9,89.3,68,0
D&N Haveli,2021,9,Monsoon,29.8,289.5,79.8,90,0
D&N Haveli,2021,10,Post,29.2,38.6,66.6,107,0
D&N Haveli,2021,11,Post,24.9,31.6,75.0,58,0
D&N Haveli,2021,12,Winter,23.5,6.3,56.2,47,0
D&N Haveli,2022,1,Winter,23.6,6.8,53.5,16,0
D&N Haveli,2022,2,Winter,21.7,7.9,56.3,11,0
D&N Haveli,2022,3,Summer,34.5,5.2,54.0,13,0
D&N Haveli,2022,4,Summer,33.2,24.4,61.3,20,0
D&N Haveli,2022,5,Summer,31.4,21.6,54.0,24,0
D&N Haveli,2022,6,Monsoon,28.0,286.1,76.3,49,0
D&N Haveli,2022,7,Monsoon,31.2,307.6,76.0,61,0
D&N Haveli,2022,8,Monsoon,29.8,319.9,79.2,106,0
D&N Haveli,2022,9,Monsoon,32.7,256.6,78.5,111,0
D&N Haveli,2022,10,Post,27.3,44.8,70.5,102,0
D&N Haveli,2022,11,Post,23.9,40.7,67.8,82,0
D&N Haveli,2022,12,Winter,23.0,8.4,64.5,53,0
D&N Haveli,2023,1,Winter,21.0,6.3,63.5,27,0
D&N Haveli,2023,2,Winter,22.2,4.7,52.1,26,0
D&N Haveli,2023,3,Summer,37.0,11.5,61.8,23,0
D&N Haveli,2023,4,Summer,32.3,22.3,61.1,31,0
D&N Haveli,2023,5,Summer,35.8,22.6,52.9,37,0
D&N Haveli,2023,6,Monsoon,28.0,165.2,80.6,84,0
D&N Haveli,2023,7,Monsoon,29.7,263.8,79.8,116,0
D&N Haveli,2023,8,Monsoon,27.5,196.0,84.0,149,0
D&N Haveli,2023,9,Monsoon,30.1,234.9,82.9,217,0
D&N Haveli,2023,10,Post,31.1,34.9,72.1,251,0
D&N Haveli,2023,11,Post,27.0,44.3,68.8,130,0
D&N Haveli,2023,12,Winter,22.6,7.7,66.3,104,0
Daman & Diu,2019,1,Winter,25.2,6.5,67.2,10,0
Daman & Diu,2019,2,Winter,21.2,3.9,66.4,13,0
Daman & Diu,2019,3,Summer,31.7,18.0,58.2,12,0
Daman & Diu,2019,4,Summer,32.4,12.8,65.5,17,0
Daman & Diu,2019,5,Summer,33.7,11.0,60.8,26,0
Daman & Diu,2019,6,Monsoon,29.7,222.0,79.7,40,0
Daman & Diu,2019,7,Monsoon,28.4,150.6,82.1,63,0
Daman & Diu,2019,8,Monsoon,31.9,138.1,89.6,83,0
Daman & Diu,2019,9,Monsoon,29.7,206.7,90.7,88,0
Daman & Diu,2019,10,Post,29.5,30.1,65.6,90,0
Daman & Diu,2019,11,Post,29.2,20.0,86.6,95,0
Daman & Diu,2019,12,Winter,25.0,3.9,71.0,58,0
Daman & Diu,2020,1,Winter,22.7,5.6,63.9,1,0
Daman & Diu,2020,2,Winter,22.4,5.7,66.1,1,0
Daman & Diu,2020,3,Summer,33.0,16.0,66.1,1,0
Daman & Diu,2020,4,Summer,31.6,17.4,70.2,2,0
Daman & Diu,2020,5,Summer,30.2,11.1,68.6,3,0
Daman & Diu,2020,6,Monsoon,30.4,198.9,75.9,5,0
Daman & Diu,2020,7,Monsoon,34.2,131.0,86.5,6,0
Daman & Diu,2020,8,Monsoon,31.3,232.8,78.4,11,0
Daman & Diu,2020,9,Monsoon,31.1,159.2,81.9,13,0
Daman & Diu,2020,10,Post,27.1,37.2,64.2,12,0
Daman & Diu,2020,11,Post,29.4,30.4,73.5,10,0
Daman & Diu,2020,12,Winter,22.7,4.2,61.8,5,0
Daman & Diu,2021,1,Winter,22.1,4.5,62.4,6,0
Daman & Diu,2021,2,Winter,26.4,5.6,66.8,4,0
Daman & Diu,2021,3,Summer,30.3,14.0,62.7,5,0
Daman & Diu,2021,4,Summer,29.3,16.4,55.4,6,0
Daman & Diu,2021,5,Summer,32.7,13.3,64.1,10,0
Daman & Diu,2021,6,Monsoon,32.4,121.1,87.8,22,0
Daman & Diu,2021,7,Monsoon,29.3,184.1,83.6,24,0
Daman & Diu,2021,8,Monsoon,29.3,241.9,78.1,32,0
Daman & Diu,2021,9,Monsoon,30.2,234.1,80.5,51,0
Daman & Diu,2021,10,Post,29.6,35.6,75.5,41,0
Daman & Diu,2021,11,Post,28.9,28.7,74.0,42,0
Daman & Diu,2021,12,Winter,21.7,6.1,60.3,17,0
Daman & Diu,2022,1,Winter,25.3,4.7,63.1,4,0
Daman & Diu,2022,2,Winter,22.4,3.3,59.5,5,0
Daman & Diu,2022,3,Summer,36.2,19.4,57.5,4,0
Daman & Diu,2022,4,Summer,33.1,14.3,60.4,5,0
Daman & Diu,2022,5,Summer,31.7,14.0,72.0,10,0
Daman & Diu,2022,6,Monsoon,28.4,149.4,87.8,14,0
Daman & Diu,2022,7,Monsoon,26.6,164.6,68.7,22,0
Daman & Diu,2022,8,Monsoon,30.1,158.8,90.9,28,0
Daman & Diu,2022,9,Monsoon,28.1,159.3,87.3,41,0
Daman & Diu,2022,10,Post,30.6,32.9,65.8,42,0
Daman & Diu,2022,11,Post,34.7,24.6,87.1,32,0
Daman & Diu,2022,12,Winter,23.3,5.3,59.7,15,0
Daman & Diu,2023,1,Winter,21.4,4.8,68.4,6,0
Daman & Diu,2023,2,Winter,23.9,3.6,68.5,5,0
Daman & Diu,2023,3,Summer,34.2,14.2,62.8,5,0
Daman & Diu,2023,4,Summer,35.1,14.4,68.6,7,0
Daman & Diu,2023,5,Summer,35.7,14.6,55.3,10,0
Daman & Diu,2023,6,Monsoon,28.0,160.0,80.4,20,0
Daman & Diu,2023,7,Monsoon,31.2,197.2,83.4,31,0
Daman & Diu,2023,8,Monsoon,28.4,217.8,84.5,43,0
Daman & Diu,2023,9,Monsoon,28.6,221.7,81.3,38,0
Daman & Diu,2023,10,Post,29.0,27.8,71.8,46,0
Daman & Diu,2023,11,Post,27.6,32.8,79.6,29,0
Daman & Diu,2023,12,Winter,26.3,5.3,65.7,21,0
Puduchery,2019,1,Winter,25.4,67.2,67.5,47,0
Puduchery,2019,2,Winter,26.3,55.4,69.5,41,0
Puduchery,2019,3,Summer,36.2,31.7,62.1,47,0
Puduchery,2019,4,Summer,37.7,28.5,50.5,60,0
Puduchery,2019,5,Summer,38.0,23.6,53.1,73,0
Puduchery,2019,6,Monsoon,28.6,132.3,76.5,126,0
Puduchery,2019,7,Monsoon,28.8,105.5,84.6,203,0
Puduchery,2019,8,Monsoon,29.6,143.2,84.8,261,0
Puduchery,2019,9,Monsoon,27.5,93.9,85.8,366,1
Puduchery,2019,10,Post,31.2,251.2,83.0,381,1
Puduchery,2019,11,Post,25.7,371.7,79.1,234,0
Puduchery,2019,12,Winter,27.5,55.2,66.7,184,0
Puduchery,2020,1,Winter,25.2,73.6,80.0,11,0
Puduchery,2020,2,Winter,27.3,62.2,72.2,11,0
Puduchery,2020,3,Summer,33.0,28.6,63.4,11,0
Puduchery,2020,4,Summer,31.6,22.4,59.3,15,0
Puduchery,2020,5,Summer,34.9,34.4,64.2,21,0
Puduchery,2020,6,Monsoon,26.3,141.9,77.5,48,0
Puduchery,2020,7,Monsoon,30.4,129.4,87.2,75,0
Puduchery,2020,8,Monsoon,29.8,145.9,72.4,87,0
Puduchery,2020,9,Monsoon,28.7,108.3,87.3,87,0
Puduchery,2020,10,Post,31.2,324.8,82.7,109,0
Puduchery,2020,11,Post,29.6,311.9,83.5,94,0
Puduchery,2020,12,Winter,29.0,70.7,70.8,45,0
Puduchery,2021,1,Winter,25.8,59.3,70.1,28,0
Puduchery,2021,2,Winter,28.7,63.7,71.0,36,0
Puduchery,2021,3,Summer,39.2,29.9,51.1,37,0
Puduchery,2021,4,Summer,33.9,23.9,58.0,45,0
Puduchery,2021,5,Summer,28.7,24.3,57.3,65,0
Puduchery,2021,6,Monsoon,28.1,111.8,76.1,93,0
Puduchery,2021,7,Monsoon,27.2,169.1,86.1,174,0
Puduchery,2021,8,Monsoon,29.6,69.2,75.9,216,0
Puduchery,2021,9,Monsoon,27.8,188.6,78.0,290,0
Puduchery,2021,10,Post,26.6,265.4,84.9,342,0
Puduchery,2021,11,Post,28.9,324.2,79.9,213,0
Puduchery,2021,12,Winter,24.6,53.6,67.5,120,0
Puduchery,2022,1,Winter,25.2,54.1,69.3,27,0
Puduchery,2022,2,Winter,26.9,62.7,72.3,31,0
Puduchery,2022,3,Summer,35.4,20.0,63.5,35,0
Puduchery,2022,4,Summer,35.3,27.2,53.4,41,0
Puduchery,2022,5,Summer,37.3,29.6,63.2,72,0
Puduchery,2022,6,Monsoon,27.3,114.5,81.8,105,0
Puduchery,2022,7,Monsoon,23.9,134.0,78.6,187,0
Puduchery,2022,8,Monsoon,30.3,167.4,81.1,218,0
Puduchery,2022,9,Monsoon,26.9,150.2,71.7,281,0
Puduchery,2022,10,Post,27.5,216.0,78.5,357,1
Puduchery,2022,11,Post,27.9,250.8,77.7,177,0
Puduchery,2022,12,Winter,27.7,67.9,71.3,107,0
Puduchery,2023,1,Winter,26.1,91.6,77.8,59,0
Puduchery,2023,2,Winter,28.3,59.6,69.1,53,0
Puduchery,2023,3,Summer,34.0,15.6,57.2,66,0
Puduchery,2023,4,Summer,31.0,36.6,61.1,94,0
Puduchery,2023,5,Summer,33.1,15.3,54.2,130,0
Puduchery,2023,6,Monsoon,25.5,125.5,74.3,163,0
Puduchery,2023,7,Monsoon,26.0,138.8,77.8,258,0
Puduchery,2023,8,Monsoon,28.0,125.3,89.1,465,1
Puduchery,2023,9,Monsoon,27.3,153.0,83.4,551,1
Puduchery,2023,10,Post,25.1,295.6,82.1,463,1
Puduchery,2023,11,Post,27.6,382.6,75.3,392,1
Puduchery,2023,12,Winter,25.8,62.8,65.3,201,0
